Ticker,2025-07-22,2025-07-23
A,1,1
AA,1,1
AACB,1,1
AACBR,1,1
AACBU,1,1
AACG,1,1
AACI,1,1
AACIU,1,1
AACIW,1,1
AACT,1,1
AAL,1,1
AAM,1,1
AAME,1,1
AAMI,1,1
AAOI,1,1
AAON,1,1
AAP,1,1
AAPG,1,1
AAPL,1,1
AARD,1,1
AAT,1,1
AAUC,1,1
AB,1,1
ABAT,1,1
ABBV,1,1
ABCB,1,1
ABCL,1,1
ABEO,1,1
ABEV,1,1
ABG,1,1
ABL,1,1
ABLLL,1,1
ABLLW,1,1
ABLV,1,1
ABLVW,1,1
ABM,1,1
ABNB,1,1
ABOS,1,1
ABP,1,1
ABPWW,1,1
ABR,1,1
ABR^D,1,1
ABR^E,1,1
ABR^F,1,1
ABSI,1,1
ABT,1,1
ABTS,1,1
ABUS,1,1
ABVC,1,1
ABVE,1,1
ABVEW,1,1
ABVX,1,1
AC,1,1
ACA,1,1
ACAD,1,1
ACB,1,1
ACCO,1,1
ACCS,1,1
ACDC,1,1
ACEL,1,1
ACET,1,1
ACGL,1,1
ACGLN,1,1
ACGLO,1,1
ACHC,1,1
ACHR,1,1
ACHV,1,1
ACI,1,1
ACIC,1,1
ACIU,1,1
ACIW,1,1
ACLS,1,1
ACLX,1,1
ACM,1,1
ACMR,1,1
ACN,1,1
ACNB,1,1
ACNT,1,1
ACOG,1,1
ACON,1,1
ACONW,1,1
ACP,1,1
ACP^A,1,1
ACR,1,1
ACR^C,1,1
ACR^D,1,1
ACRE,1,1
ACRS,1,1
ACRV,1,1
ACT,1,1
ACTG,1,1
ACTU,1,1
ACU,1,1
ACV,1,1
ACVA,1,1
ACXP,1,1
ADAG,1,1
ADAP,1,1
ADBE,1,1
ADC,1,1
ADC^A,1,1
ADCT,1,1
ADD,1,1
ADEA,1,1
ADGM,1,1
ADI,1,1
ADIL,1,1
ADM,1,1
ADMA,1,1
ADN,1,1
ADNT,1,1
ADNWW,1,1
ADP,1,1
ADPT,1,1
ADSE,1,1
ADSEW,1,1
ADSK,1,1
ADT,1,1
ADTN,1,1
ADTX,1,1
ADUR,1,1
ADUS,1,1
ADV,1,1
ADVB,1,1
ADVM,1,1
ADVWW,1,1
ADX,1,1
ADXN,1,1
AEBI,1,1
AEE,1,1
AEF,1,1
AEFC,1,1
AEG,1,1
AEHL,1,1
AEHR,1,1
AEI,1,1
AEIS,1,1
AEM,1,1
AEMD,1,1
AENT,1,1
AENTW,1,1
AEO,1,1
AEON,1,1
AEP,1,1
AER,1,1
AERT,1,1
AERTW,1,1
AES,1,1
AESI,1,1
AEVA,1,1
AEVAW,1,1
AEYE,1,1
AFB,1,1
AFBI,1,1
AFCG,1,1
AFG,1,1
AFGB,1,1
AFGC,1,1
AFGD,1,1
AFGE,1,1
AFJKR,1,1
AFL,1,1
AFRI,1,1
AFRIW,1,1
AFRM,1,1
AFYA,1,1
AG,1,1
AGAE,1,1
AGCO,1,1
AGD,1,1
AGEN,1,1
AGFY,1,1
AGH,1,1
AGI,1,1
AGIO,1,1
AGL,1,1
AGM,1,1
AGM^D,1,1
AGM^E,1,1
AGM^F,1,1
AGM^G,1,1
AGMH,1,1
AGNC,1,1
AGNCL,1,1
AGNCM,1,1
AGNCN,1,1
AGNCO,1,1
AGNCP,1,1
AGO,1,1
AGRI,1,1
AGRO,1,1
AGX,1,1
AGYS,1,1
AHCO,1,1
AHG,1,1
AHH,1,1
AHH^A,1,1
AHL,1,1
AHL^D,1,1
AHL^E,1,1
AHL^F,1,1
AHR,1,1
AHT,1,1
AHT^D,1,1
AHT^F,1,1
AHT^G,1,1
AHT^H,1,1
AHT^I,1,1
AI,1,1
AIFE,1,1
AIFER,1,1
AIFF,1,1
AIFU,1,1
AIG,1,1
AIHS,1,1
AII,1,1
AIM,1,1
AIMD,1,1
AIMDW,1,1
AIN,1,1
AIO,1,1
AIOT,1,1
AIP,1,1
AIR,1,1
AIRE,1,1
AIRG,1,1
AIRI,1,1
AIRJ,1,1
AIRJW,1,1
AIRO,1,1
AIRS,1,1
AIRT,1,1
AIRTP,1,1
AISP,1,1
AISPW,1,1
AIT,1,1
AIV,1,1
AIXI,1,1
AIZ,1,1
AIZN,1,1
AJG,1,1
AKA,1,1
AKAM,1,1
AKAN,1,1
AKBA,1,1
AKO/A,1,1
AKO/B,1,1
AKR,1,1
AKRO,1,1
AKTX,1,1
AL,1,1
ALAB,1,1
ALAR,1,1
ALB,1,1
ALB^A,1,1
ALBT,1,1
ALC,1,1
ALCO,1,1
ALCY,1,1
ALDF,1,1
ALDFU,1,1
ALDFW,1,1
ALDX,1,1
ALE,1,1
ALEC,1,1
ALEX,1,1
ALF,1,1
ALFUU,1,1
ALFUW,1,1
ALG,1,1
ALGM,1,1
ALGN,1,1
ALGS,1,1
ALGT,1,1
ALHC,1,1
ALIT,1,1
ALK,1,1
ALKS,1,1
ALKT,1,1
ALL,1,1
ALL^B,1,1
ALL^H,1,1
ALL^I,1,1
ALL^J,1,1
ALLE,1,1
ALLO,1,1
ALLR,1,1
ALLT,1,1
ALLY,1,1
ALM,1,1
ALMS,1,1
ALMU,1,1
ALNT,1,1
ALNY,1,1
ALOT,1,1
ALRM,1,1
ALRS,1,1
ALSN,1,1
ALT,1,1
ALTG,1,1
ALTG^A,1,1
ALTI,1,1
ALTO,1,1
ALTS,1,1
ALUR,1,1
ALV,1,1
ALVO,1,1
ALVOW,1,1
ALX,1,1
ALXO,1,1
ALZN,1,1
AM,1,1
AMAL,1,1
AMAT,1,1
AMBA,1,1
AMBC,1,1
AMBI,1,1
AMBO,1,1
AMBP,1,1
AMBR,1,1
AMC,1,1
AMCR,1,1
AMCX,1,1
AMD,1,1
AME,1,1
AMED,1,1
AMG,1,1
AMGN,1,1
AMH,1,1
AMH^G,1,1
AMH^H,1,1
AMIX,1,1
AMKR,1,1
AMLX,1,1
AMN,1,1
AMOD,1,1
AMODW,1,1
AMP,1,1
AMPG,1,1
AMPGW,1,1
AMPH,1,1
AMPL,1,1
AMPX,1,1
AMPY,1,1
AMR,1,1
AMRC,1,1
AMRK,1,1
AMRN,1,1
AMRX,1,1
AMRZ,1,1
AMS,1,1
AMSC,1,1
AMSF,1,1
AMST,1,1
AMT,1,1
AMTB,1,1
AMTD,1,1
AMTM,1,1
AMTX,1,1
AMWD,1,1
AMWL,1,1
AMX,1,1
AMZE,1,1
AMZN,1,1
AN,1,1
ANAB,1,1
ANDE,1,1
ANEB,1,1
ANET,1,1
ANF,1,1
ANG^B,1,1
ANG^D,1,1
ANGH,1,1
ANGHW,1,1
ANGI,1,1
ANGO,1,1
ANIK,1,1
ANIP,1,1
ANIX,1,1
ANL,1,1
ANNA,1,1
ANNAW,1,1
ANNX,1,1
ANPA,1,1
ANRO,1,1
ANSC,1,1
ANSCW,1,1
ANTA,1,1
ANTE,1,1
ANTX,1,1
ANVS,1,1
ANY,1,1
AOD,1,1
AOMD,1,1
AOMN,1,1
AOMR,1,1
AON,1,1
AORT,1,1
AOS,1,1
AOSL,1,1
AOUT,1,1
AP,1,1
APA,1,1
APAM,1,1
APD,1,1
APDN,1,1
APEI,1,1
APG,1,1
APGE,1,1
APH,1,1
API,1,1
APLD,1,1
APLE,1,1
APLM,1,1
APLMW,1,1
APLS,1,1
APLT,1,1
APM,1,1
APO,1,1
APO^A,1,1
APOG,1,1
APOS,1,1
APP,1,1
APPF,1,1
APPN,1,1
APPS,1,1
APRE,1,1
APT,1,1
APTV,1,1
APUS,1,1
APVO,1,1
APWC,1,1
APYX,1,1
AQB,1,1
AQMS,1,1
AQN,1,1
AQNB,1,1
AQST,1,1
AR,1,1
ARAI,1,1
ARAY,1,1
ARBB,1,1
ARBE,1,1
ARBEW,1,1
ARBK,1,1
ARBKL,1,1
ARCB,1,1
ARCC,1,1
ARCO,1,1
ARCT,1,1
ARDC,1,1
ARDT,1,1
ARDX,1,1
ARE,1,1
AREB,1,1
AREBW,1,1
AREC,1,1
AREN,1,1
ARES,1,1
ARES^B,1,1
ARGD,1,1
ARGO^A,1,1
ARGX,1,1
ARHS,1,1
ARI,1,1
ARIS,1,1
ARKO,1,1
ARKOW,1,1
ARKR,1,1
ARL,1,1
ARLO,1,1
ARLP,1,1
ARM,1,1
ARMK,1,1
ARMN,1,1
ARMP,1,1
AROC,1,1
AROW,1,1
ARQ,1,1
ARQQ,1,1
ARQQW,1,1
ARQT,1,1
ARR,1,1
ARR^C,1,1
ARRY,1,1
ARTL,1,1
ARTNA,1,1
ARTV,1,1
ARTW,1,1
ARVN,1,1
ARW,1,1
ARWR,1,1
AS,1,1
ASA,1,1
ASAN,1,1
ASB,1,1
ASB^E,1,1
ASB^F,1,1
ASBA,1,1
ASBP,1,1
ASBPW,1,1
ASC,1,1
ASG,1,1
ASGI,1,1
ASGN,1,1
ASH,1,1
ASIC,1,1
ASIX,1,1
ASLE,1,1
ASM,1,1
ASMB,1,1
ASML,1,1
ASND,1,1
ASNS,1,1
ASO,1,1
ASPC,1,1
ASPCR,1,1
ASPCU,1,1
ASPI,1,1
ASPN,1,1
ASPS,1,1
ASPSW,1,1
ASPSZ,1,1
ASR,1,1
ASRT,1,1
ASRV,1,1
ASST,1,1
ASTC,1,1
ASTE,1,1
ASTH,1,1
ASTI,1,1
ASTL,1,1
ASTLW,1,1
ASTS,1,1
ASUR,1,1
ASX,1,1
ASYS,1,1
ATAI,1,1
ATAT,1,1
ATCH,1,1
ATCO^H,1,1
ATEC,1,1
ATEN,1,1
ATER,1,1
ATEX,1,1
ATGE,1,1
ATGL,1,1
ATH^A,1,1
ATH^B,1,1
ATH^D,1,1
ATH^E,1,1
ATHA,1,1
ATHE,1,1
ATHM,1,1
ATHR,1,1
ATHS,1,1
ATI,1,1
ATII,1,1
ATIIU,1,1
ATIIW,1,1
ATKR,1,1
ATLC,1,1
ATLCL,1,1
ATLCP,1,1
ATLCZ,1,1
ATLN,1,1
ATLO,1,1
ATLX,1,1
ATMC,1,1
ATMCR,1,1
ATMCW,1,1
ATMU,1,1
ATMV,1,1
ATMVU,1,1
ATNF,1,1
ATNFW,1,1
ATNI,1,1
ATNM,1,1
ATO,1,1
ATOM,1,1
ATOS,1,1
ATPC,1,1
ATR,1,1
ATRA,1,1
ATRC,1,1
ATRO,1,1
ATS,1,1
ATUS,1,1
ATXG,1,1
ATXS,1,1
ATYR,1,1
AU,1,1
AUB,1,1
AUB^A,1,1
AUBN,1,1
AUDC,1,1
AUGO,1,1
AUID,1,1
AUNA,1,1
AUPH,1,1
AUR,1,1
AURA,1,1
AUROW,1,1
AUST,1,1
AUTL,1,1
AUUD,1,1
AVA,1,1
AVAH,1,1
AVAL,1,1
AVAV,1,1
AVB,1,1
AVBP,1,1
AVD,1,1
AVDL,1,1
AVDX,1,1
AVGO,1,1
AVIR,1,1
AVK,1,1
AVNS,1,1
AVNT,1,1
AVNW,1,1
AVO,1,1
AVPT,1,1
AVR,1,1
AVT,1,1
AVTR,1,1
AVTX,1,1
AVXL,1,1
AVY,1,1
AWF,1,1
AWI,1,1
AWK,1,1
AWP,1,1
AWR,1,1
AWRE,1,1
AWX,1,1
AX,1,1
AXGN,1,1
AXIL,1,1
AXINU,1,1
AXL,1,1
AXON,1,1
AXP,1,1
AXR,1,1
AXS,1,1
AXS^E,1,1
AXSM,1,1
AXTA,1,1
AXTI,1,1
AYI,1,1
AYRO,1,1
AYTU,1,1
AZ,1,1
AZI,1,1
AZN,1,1
AZO,1,1
AZTA,1,1
AZTR,1,1
AZZ,1,1
B,1,1
BA,1,1
BA^A,1,1
BABA,1,1
BAC,1,1
BAC^B,1,1
BAC^E,1,1
BAC^K,1,1
BAC^L,1,1
BAC^M,1,1
BAC^N,1,1
BAC^O,1,1
BAC^P,1,1
BAC^Q,1,1
BAC^S,1,1
BACCU,1,1
BACQ,1,1
BACQR,1,1
BAER,1,1
BAERW,1,1
BAFN,1,1
BAH,1,1
BAK,1,1
BALL,1,1
BALY,1,1
BAM,1,1
BANC,1,1
BANC^F,1,1
BAND,1,1
BANF,1,1
BANFP,1,1
BANL,1,1
BANR,1,1
BANX,1,1
BAOS,1,1
BAP,1,1
BARK,1,1
BASE,1,1
BATL,1,1
BATRA,1,1
BATRK,1,1
BAX,1,1
BAYA,1,1
BAYAR,1,1
BB,1,1
BBAI,1,1
BBAR,1,1
BBCP,1,1
BBD,1,1
BBDC,1,1
BBDO,1,1
BBGI,1,1
BBIO,1,1
BBLG,1,1
BBN,1,1
BBNX,1,1
BBSI,1,1
BBU,1,1
BBUC,1,1
BBVA,1,1
BBW,1,1
BBWI,1,1
BBY,1,1
BC,1,1
BC^A,1,1
BC^C,1,1
BCAB,1,1
BCAL,1,1
BCAT,1,1
BCAX,1,1
BCBP,1,1
BCC,1,1
BCDA,1,1
BCE,1,1
BCG,1,1
BCGWW,1,1
BCH,1,1
BCML,1,1
BCO,1,1
BCPC,1,1
BCRX,1,1
BCS,1,1
BCSF,1,1
BCTX,1,1
BCTXW,1,1
BCTXZ,1,1
BCV,1,1
BCV^A,1,1
BCX,1,1
BCYC,1,1
BDC,1,1
BDJ,1,1
BDL,1,1
BDMD,1,1
BDMDW,1,1
BDN,1,1
BDRX,1,1
BDSX,1,1
BDTX,1,1
BDX,1,1
BE,1,1
BEAG,1,1
BEAGR,1,1
BEAGU,1,1
BEAM,1,1
BEAT,1,1
BEATW,1,1
BEDU,1,1
BEEM,1,1
BEEP,1,1
BEKE,1,1
BELFA,1,1
BELFB,1,1
BEN,1,1
BENF,1,1
BENFW,1,1
BEP,1,1
BEP^A,1,1
BEPC,1,1
BEPH,1,1
BEPI,1,1
BEPJ,1,1
BETR,1,1
BETRW,1,1
BF/A,1,1
BF/B,1,1
BFAM,1,1
BFC,1,1
BFH,1,1
BFIN,1,1
BFK,1,1
BFLY,1,1
BFRG,1,1
BFRGW,1,1
BFRI,1,1
BFRIW,1,1
BFS,1,1
BFS^D,1,1
BFS^E,1,1
BFST,1,1
BFZ,1,1
BG,1,1
BGB,1,1
BGC,1,1
BGFV,1,1
BGH,1,1
BGI,1,1
BGL,1,1
BGLC,1,1
BGLWW,1,1
BGM,1,1
BGR,1,1
BGS,1,1
BGSF,1,1
BGT,1,1
BGX,1,1
BGY,1,1
BH,1,1
BHAT,1,1
BHB,1,1
BHC,1,1
BHE,1,1
BHF,1,1
BHFAL,1,1
BHFAM,1,1
BHFAN,1,1
BHFAO,1,1
BHFAP,1,1
BHK,1,1
BHLB,1,1
BHM,1,1
BHP,1,1
BHR,1,1
BHR^B,1,1
BHR^D,1,1
BHRB,1,1
BHST,1,1
BHV,1,1
BHVN,1,1
BIAF,1,1
BIAFW,1,1
BIDU,1,1
BIGC,1,1
BIIB,1,1
BILI,1,1
BILL,1,1
BIO,1,1
BIO/B,1,1
BIOA,1,1
BIOX,1,1
BIP,1,1
BIP^A,1,1
BIP^B,1,1
BIPC,1,1
BIPH,1,1
BIPI,1,1
BIPJ,1,1
BIRD,1,1
BIRK,1,1
BIT,1,1
BITF,1,1
BIVI,1,1
BIYA,1,1
BJ,1,1
BJDX,1,1
BJRI,1,1
BK,1,1
BK^K,1,1
BKD,1,1
BKE,1,1
BKH,1,1
BKHA,1,1
BKHAR,1,1
BKKT,1,1
BKN,1,1
BKNG,1,1
BKR,1,1
BKSY,1,1
BKT,1,1
BKTI,1,1
BKU,1,1
BKV,1,1
BKYI,1,1
BL,1,1
BLBD,1,1
BLBX,1,1
BLCO,1,1
BLD,1,1
BLDE,1,1
BLDEW,1,1
BLDP,1,1
BLDR,1,1
BLE,1,1
BLFS,1,1
BLFY,1,1
BLIN,1,1
BLIV,1,1
BLK,1,1
BLKB,1,1
BLMN,1,1
BLMZ,1,1
BLND,1,1
BLNE,1,1
BLNK,1,1
BLRX,1,1
BLTE,1,1
BLUWU,1,1
BLW,1,1
BLX,1,1
BLZE,1,1
BMA,1,1
BMBL,1,1
BME,1,1
BMEA,1,1
BMEZ,1,1
BMGL,1,1
BMHL,1,1
BMI,1,1
BML^G,1,1
BML^H,1,1
BML^J,1,1
BML^L,1,1
BMN,1,1
BMNR,1,1
BMO,1,1
BMR,1,1
BMRA,1,1
BMRC,1,1
BMRN,1,1
BMY,1,1
BN,1,1
BNAI,1,1
BNAIW,1,1
BNED,1,1
BNGO,1,1
BNH,1,1
BNJ,1,1
BNL,1,1
BNR,1,1
BNRG,1,1
BNS,1,1
BNT,1,1
BNTC,1,1
BNTX,1,1
BNY,1,1
BNZI,1,1
BNZIW,1,1
BOC,1,1
BODI,1,1
BOE,1,1
BOF,1,1
BOH,1,1
BOH^A,1,1
BOH^B,1,1
BOKF,1,1
BOLD,1,1
BOLT,1,1
BON,1,1
BOOM,1,1
BOOT,1,1
BORR,1,1
BOSC,1,1
BOTJ,1,1
BOW,1,1
BOX,1,1
BOXL,1,1
BP,1,1
BPOP,1,1
BPOPM,1,1
BPRN,1,1
BPYPM,1,1
BPYPN,1,1
BPYPO,1,1
BPYPP,1,1
BQ,1,1
BR,1,1
BRAG,1,1
BRBR,1,1
BRBS,1,1
BRC,1,1
BRCC,1,1
BRDG,1,1
BREA,1,1
BRFH,1,1
BRFS,1,1
BRIA,1,1
BRID,1,1
BRK/A,1,1
BRK/B,1,1
BRKL,1,1
BRKR,1,1
BRLS,1,1
BRLSW,1,1
BRLT,1,1
BRN,1,1
BRNS,1,1
BRO,1,1
BROS,1,1
BRSL,1,1
BRSP,1,1
BRT,1,1
BRTX,1,1
BRW,1,1
BRX,1,1
BRY,1,1
BRZE,1,1
BSAAU,1,1
BSAC,1,1
BSBK,1,1
BSBR,1,1
BSET,1,1
BSGM,1,1
BSL,1,1
BSLK,1,1
BSLKW,1,1
BSM,1,1
BSRR,1,1
BST,1,1
BSTZ,1,1
BSVN,1,1
BSX,1,1
BSY,1,1
BTA,1,1
BTAI,1,1
BTBD,1,1
BTBT,1,1
BTCM,1,1
BTCS,1,1
BTCT,1,1
BTDR,1,1
BTE,1,1
BTG,1,1
BTI,1,1
BTM,1,1
BTMD,1,1
BTMWW,1,1
BTO,1,1
BTOC,1,1
BTOG,1,1
BTSG,1,1
BTSGU,1,1
BTT,1,1
BTU,1,1
BTX,1,1
BTZ,1,1
BUD,1,1
BUI,1,1
BULL,1,1
BULLW,1,1
BUR,1,1
BURL,1,1
BURU,1,1
BUSE,1,1
BUSEP,1,1
BV,1,1
BVFL,1,1
BVN,1,1
BVS,1,1
BW,1,1
BW^A,1,1
BWA,1,1
BWAY,1,1
BWB,1,1
BWBBP,1,1
BWEN,1,1
BWFG,1,1
BWG,1,1
BWIN,1,1
BWLP,1,1
BWMN,1,1
BWMX,1,1
BWNB,1,1
BWSN,1,1
BWXT,1,1
BX,1,1
BXC,1,1
BXMT,1,1
BXMX,1,1
BXP,1,1
BXSL,1,1
BY,1,1
BYD,1,1
BYFC,1,1
BYM,1,1
BYND,1,1
BYON,1,1
BYRN,1,1
BYSI,1,1
BZ,1,1
BZAI,1,1
BZAIW,1,1
BZFD,1,1
BZFDW,1,1
BZH,1,1
BZUN,1,1
C,1,1
C^N,1,1
CAAP,1,1
CAAS,1,1
CABA,1,1
CABO,1,1
CAC,1,1
CACC,1,1
CACI,1,1
CADE,1,1
CADE^A,1,1
CADL,1,1
CAE,1,1
CAEP,1,1
CAF,1,1
CAG,1,1
CAH,1,1
CAI,1,1
CAKE,1,1
CAL,1,1
CALC,1,1
CALM,1,1
CALX,1,1
CAMP,1,1
CAMT,1,1
CAN,1,1
CANF,1,1
CANG,1,1
CAPL,1,1
CAPN,1,1
CAPNR,1,1
CAPR,1,1
CAPS,1,1
CAPT,1,1
CAPTW,1,1
CAR,1,1
CARE,1,1
CARG,1,1
CARM,1,1
CARR,1,1
CARS,1,1
CART,1,1
CARV,1,1
CASH,1,1
CASI,1,1
CASK,1,1
CASS,1,1
CASY,1,1
CAT,1,1
CATO,1,1
CATX,1,1
CATY,1,1
CAVA,1,1
CB,1,1
CBAN,1,1
CBAT,1,1
CBFV,1,1
CBIO,1,1
CBL,1,1
CBLL,1,1
CBNA,1,1
CBNK,1,1
CBOE,1,1
CBRE,1,1
CBRL,1,1
CBSH,1,1
CBT,1,1
CBU,1,1
CBUS,1,1
CBZ,1,1
CC,1,1
CCAP,1,1
CCB,1,1
CCBG,1,1
CCCC,1,1
CCCM,1,1
CCCMU,1,1
CCCMW,1,1
CCCS,1,1
CCCX,1,1
CCCXU,1,1
CCCXW,1,1
CCD,1,1
CCEC,1,1
CCEL,1,1
CCEP,1,1
CCG,1,1
CCGWW,1,1
CCI,1,1
CCIA,1,1
CCIF,1,1
CCIIU,1,1
CCIR,1,1
CCIRU,1,1
CCIRW,1,1
CCIX,1,1
CCIXU,1,1
CCIXW,1,1
CCJ,1,1
CCK,1,1
CCL,1,1
CCLD,1,1
CCLDO,1,1
CCM,1,1
CCNE,1,1
CCNEP,1,1
CCO,1,1
CCOI,1,1
CCRD,1,1
CCRN,1,1
CCS,1,1
CCSI,1,1
CCTG,1,1
CCU,1,1
CCZ,1,1
CDE,1,1
CDIO,1,1
CDIOW,1,1
CDLR,1,1
CDLX,1,1
CDNA,1,1
CDNS,1,1
CDP,1,1
CDR^B,1,1
CDR^C,1,1
CDRE,1,1
CDRO,1,1
CDROW,1,1
CDT,1,1
CDTG,1,1
CDTTW,1,1
CDTX,1,1
CDW,1,1
CDXS,1,1
CDZI,1,1
CDZIP,1,1
CE,1,1
CECO,1,1
CEE,1,1
CEG,1,1
CELC,1,1
CELH,1,1
CELU,1,1
CELUW,1,1
CELZ,1,1
CENN,1,1
CENT,1,1
CENTA,1,1
CENX,1,1
CEP,1,1
CEPO,1,1
CEPT,1,1
CEPU,1,1
CERO,1,1
CEROW,1,1
CERS,1,1
CERT,1,1
CET,1,1
CETX,1,1
CETY,1,1
CEV,1,1
CEVA,1,1
CF,1,1
CFBK,1,1
CFFI,1,1
CFFN,1,1
CFG,1,1
CFG^E,1,1
CFG^H,1,1
CFLT,1,1
CFR,1,1
CFR^B,1,1
CFSB,1,1
CG,1,1
CGABL,1,1
CGAU,1,1
CGBD,1,1
CGBDL,1,1
CGC,1,1
CGCT,1,1
CGCTU,1,1
CGCTW,1,1
CGEM,1,1
CGEN,1,1
CGNT,1,1
CGNX,1,1
CGO,1,1
CGON,1,1
CGTL,1,1
CGTX,1,1
CHA,1,1
CHAC,1,1
CHAR,1,1
CHARR,1,1
CHCI,1,1
CHCO,1,1
CHCT,1,1
CHD,1,1
CHDN,1,1
CHE,1,1
CHEB,1,1
CHEF,1,1
CHEK,1,1
CHGG,1,1
CHH,1,1
CHI,1,1
CHKP,1,1
CHMG,1,1
CHMI,1,1
CHMI^A,1,1
CHMI^B,1,1
CHN,1,1
CHNR,1,1
CHPG,1,1
CHPGR,1,1
CHPGU,1,1
CHPT,1,1
CHR,1,1
CHRD,1,1
CHRS,1,1
CHRW,1,1
CHSCL,1,1
CHSCM,1,1
CHSCN,1,1
CHSCO,1,1
CHSCP,1,1
CHSN,1,1
CHT,1,1
CHTR,1,1
CHW,1,1
CHWY,1,1
CHY,1,1
CHYM,1,1
CI,1,1
CIA,1,1
CIB,1,1
CICB,1,1
CIEN,1,1
CIF,1,1
CIFR,1,1
CIFRW,1,1
CIG,1,1
CIGI,1,1
CIGL,1,1
CII,1,1
CIIT,1,1
CIK,1,1
CIM,1,1
CIM^A,1,1
CIM^B,1,1
CIM^C,1,1
CIM^D,1,1
CIMN,1,1
CIMO,1,1
CINF,1,1
CING,1,1
CINGW,1,1
CINT,1,1
CIO,1,1
CIO^A,1,1
CION,1,1
CISO,1,1
CISS,1,1
CIVB,1,1
CIVI,1,1
CIX,1,1
CJET,1,1
CJMB,1,1
CKX,1,1
CL,1,1
CLAR,1,1
CLB,1,1
CLBK,1,1
CLBT,1,1
CLCO,1,1
CLDI,1,1
CLDT,1,1
CLDT^A,1,1
CLDX,1,1
CLF,1,1
CLFD,1,1
CLGN,1,1
CLH,1,1
CLIK,1,1
CLIR,1,1
CLLS,1,1
CLM,1,1
CLMB,1,1
CLMT,1,1
CLNE,1,1
CLNN,1,1
CLNNW,1,1
CLOV,1,1
CLPR,1,1
CLPS,1,1
CLPT,1,1
CLRB,1,1
CLRO,1,1
CLS,1,1
CLSD,1,1
CLSK,1,1
CLSKW,1,1
CLST,1,1
CLVT,1,1
CLW,1,1
CLWT,1,1
CLX,1,1
CLYM,1,1
CM,1,1
CMA,1,1
CMBM,1,1
CMBT,1,1
CMC,1,1
CMCL,1,1
CMCM,1,1
CMCO,1,1
CMCSA,1,1
CMCT,1,1
CMDB,1,1
CME,1,1
CMG,1,1
CMI,1,1
CMMB,1,1
CMND,1,1
CMP,1,1
CMPO,1,1
CMPOW,1,1
CMPR,1,1
CMPS,1,1
CMPX,1,1
CMRE,1,1
CMRE^B,1,1
CMRE^C,1,1
CMRE^D,1,1
CMS,1,1
CMS^B,1,1
CMS^C,1,1
CMSA,1,1
CMSC,1,1
CMSD,1,1
CMT,1,1
CMTG,1,1
CMTL,1,1
CMU,1,1
CNA,1,1
CNC,1,1
CNCK,1,1
CNCKW,1,1
CNDT,1,1
CNET,1,1
CNEY,1,1
CNF,1,1
CNFR,1,1
CNFRZ,1,1
CNH,1,1
CNI,1,1
CNK,1,1
CNL,1,1
CNM,1,1
CNMD,1,1
CNNE,1,1
CNO,1,1
CNO^A,1,1
CNOB,1,1
CNOBP,1,1
CNP,1,1
CNQ,1,1
CNR,1,1
CNS,1,1
CNSP,1,1
CNTA,1,1
CNTB,1,1
CNTX,1,1
CNTY,1,1
CNVS,1,1
CNX,1,1
CNXC,1,1
CNXN,1,1
COCH,1,1
COCHW,1,1
COCO,1,1
COCP,1,1
CODA,1,1
CODI,1,1
CODI^A,1,1
CODI^B,1,1
CODI^C,1,1
CODX,1,1
COE,1,1
COEP,1,1
COEPW,1,1
COF,1,1
COF^I,1,1
COF^J,1,1
COF^K,1,1
COF^L,1,1
COF^N,1,1
COFS,1,1
COGT,1,1
COHN,1,1
COHR,1,1
COHU,1,1
COIN,1,1
COKE,1,1
COLA,1,1
COLAR,1,1
COLAU,1,1
COLB,1,1
COLD,1,1
COLL,1,1
COLM,1,1
COMM,1,1
COMP,1,1
CON,1,1
COO,1,1
COOK,1,1
COOP,1,1
COOT,1,1
COOTW,1,1
COP,1,1
COPL,1,1
COR,1,1
CORT,1,1
CORZ,1,1
CORZW,1,1
CORZZ,1,1
COSM,1,1
COSO,1,1
COST,1,1
COTY,1,1
COUR,1,1
COYA,1,1
CP,1,1
CPA,1,1
CPAC,1,1
CPAY,1,1
CPB,1,1
CPBI,1,1
CPF,1,1
CPHC,1,1
CPHI,1,1
CPIX,1,1
CPK,1,1
CPNG,1,1
CPOP,1,1
CPRI,1,1
CPRT,1,1
CPRX,1,1
CPS,1,1
CPSH,1,1
CPSS,1,1
CPT,1,1
CPZ,1,1
CQP,1,1
CR,1,1
CRAI,1,1
CRAQ,1,1
CRAQR,1,1
CRAQU,1,1
CRBD,1,1
CRBG,1,1
CRBP,1,1
CRBU,1,1
CRC,1,1
CRCL,1,1
CRCT,1,1
CRD/A,1,1
CRD/B,1,1
CRDF,1,1
CRDL,1,1
CRDO,1,1
CREG,1,1
CRESW,1,1
CRESY,1,1
CREV,1,1
CREVW,1,1
CREX,1,1
CRF,1,1
CRGO,1,1
CRGOW,1,1
CRGX,1,1
CRGY,1,1
CRH,1,1
CRI,1,1
CRIS,1,1
CRK,1,1
CRL,1,1
CRM,1,1
CRMD,1,1
CRML,1,1
CRMLW,1,1
CRMT,1,1
CRNC,1,1
CRNT,1,1
CRNX,1,1
CRON,1,1
CROX,1,1
CRS,1,1
CRSP,1,1
CRSR,1,1
CRT,1,1
CRTO,1,1
CRUS,1,1
CRVL,1,1
CRVO,1,1
CRVS,1,1
CRWD,1,1
CRWS,1,1
CRWV,1,1
CSAI,1,1
CSAN,1,1
CSBR,1,1
CSCI,1,1
CSCO,1,1
CSGP,1,1
CSGS,1,1
CSIQ,1,1
CSL,1,1
CSPI,1,1
CSQ,1,1
CSR,1,1
CSTE,1,1
CSTL,1,1
CSTM,1,1
CSV,1,1
CSW,1,1
CSWC,1,1
CSWCZ,1,1
CSX,1,1
CTA^A,1,1
CTA^B,1,1
CTAS,1,1
CTBB,1,1
CTBI,1,1
CTDD,1,1
CTEV,1,1
CTGO,1,1
CTKB,1,1
CTLP,1,1
CTM,1,1
CTMX,1,1
CTNM,1,1
CTNT,1,1
CTO,1,1
CTO^A,1,1
CTOR,1,1
CTOS,1,1
CTRA,1,1
CTRE,1,1
CTRI,1,1
CTRM,1,1
CTRN,1,1
CTS,1,1
CTSH,1,1
CTSO,1,1
CTVA,1,1
CTXR,1,1
CUB,1,1
CUBB,1,1
CUBE,1,1
CUBI,1,1
CUBI^F,1,1
CUBWU,1,1
CUBWW,1,1
CUE,1,1
CUK,1,1
CULP,1,1
CUPR,1,1
CURB,1,1
CURI,1,1
CURIW,1,1
CURR,1,1
CURV,1,1
CUZ,1,1
CV,1,1
CVAC,1,1
CVBF,1,1
CVCO,1,1
CVE,1,1
CVEO,1,1
CVGI,1,1
CVGW,1,1
CVI,1,1
CVKD,1,1
CVLG,1,1
CVLT,1,1
CVM,1,1
CVNA,1,1
CVR,1,1
CVRX,1,1
CVS,1,1
CVU,1,1
CVV,1,1
CVX,1,1
CW,1,1
CWAN,1,1
CWBC,1,1
CWCO,1,1
CWD,1,1
CWEN,1,1
CWH,1,1
CWK,1,1
CWST,1,1
CWT,1,1
CX,1,1
CXAI,1,1
CXAIW,1,1
CXDO,1,1
CXE,1,1
CXH,1,1
CXM,1,1
CXT,1,1
CXW,1,1
CYBN,1,1
CYBR,1,1
CYCC,1,1
CYCCP,1,1
CYCN,1,1
CYCU,1,1
CYCUW,1,1
CYD,1,1
CYH,1,1
CYN,1,1
CYRX,1,1
CYTK,1,1
CZFS,1,1
CZNC,1,1
CZR,1,1
CZWI,1,1
D,1,1
DAAQ,1,1
DAAQU,1,1
DAAQW,1,1
DAC,1,1
DAIC,1,1
DAICW,1,1
DAIO,1,1
DAKT,1,1
DAL,1,1
DALN,1,1
DAN,1,1
DAO,1,1
DAR,1,1
DARE,1,1
DASH,1,1
DATS,1,1
DATSW,1,1
DAVA,1,1
DAVE,1,1
DAVEW,1,1
DAWN,1,1
DAY,1,1
DB,1,1
DBD,1,1
DBI,1,1
DBL,1,1
DBRG,1,1
DBRG^H,1,1
DBRG^I,1,1
DBRG^J,1,1
DBVT,1,1
DBX,1,1
DC,1,1
DCBO,1,1
DCGO,1,1
DCI,1,1
DCO,1,1
DCOM,1,1
DCOMG,1,1
DCOMP,1,1
DCTH,1,1
DD,1,1
DDC,1,1
DDD,1,1
DDI,1,1
DDL,1,1
DDOG,1,1
DDS,1,1
DDT,1,1
DE,1,1
DEA,1,1
DEC,1,1
DECK,1,1
DEFT,1,1
DEI,1,1
DELL,1,1
DENN,1,1
DEO,1,1
DERM,1,1
DEVS,1,1
DFDV,1,1
DFH,1,1
DFIN,1,1
DFLI,1,1
DFLIW,1,1
DFP,1,1
DFSC,1,1
DFSCW,1,1
DG,1,1
DGICA,1,1
DGICB,1,1
DGII,1,1
DGLY,1,1
DGNX,1,1
DGX,1,1
DGXX,1,1
DH,1,1
DHAI,1,1
DHAIW,1,1
DHC,1,1
DHCNI,1,1
DHCNL,1,1
DHF,1,1
DHI,1,1
DHIL,1,1
DHR,1,1
DHT,1,1
DHX,1,1
DHY,1,1
DIAX,1,1
DIBS,1,1
DIN,1,1
DINO,1,1
DIOD,1,1
DIS,1,1
DIT,1,1
DJCO,1,1
DJT,1,1
DJTWW,1,1
DK,1,1
DKL,1,1
DKNG,1,1
DKS,1,1
DLB,1,1
DLHC,1,1
DLNG,1,1
DLNG^A,1,1
DLNG^B,1,1
DLO,1,1
DLPN,1,1
DLR,1,1
DLR^J,1,1
DLR^K,1,1
DLR^L,1,1
DLTH,1,1
DLTR,1,1
DLX,1,1
DLXY,1,1
DLY,1,1
DMA,1,1
DMAA,1,1
DMAAR,1,1
DMAAU,1,1
DMAC,1,1
DMB,1,1
DMLP,1,1
DMO,1,1
DMRC,1,1
DMYY,1,1
DNA,1,1
DNB,1,1
DNLI,1,1
DNN,1,1
DNOW,1,1
DNP,1,1
DNTH,1,1
DNUT,20,20
DOC,1,1
DOCN,1,1
DOCS,1,1
DOCU,1,1
DOGZ,1,1
DOLE,1,1
DOMH,1,1
DOMO,1,1
DOOO,1,1
DORM,1,1
DOUG,1,1
DOV,1,1
DOW,1,1
DOX,1,1
DOYU,1,1
DPG,1,1
DPRO,1,1
DPZ,1,1
DQ,1,1
DRCT,1,1
DRD,1,1
DRDB,1,1
DRDBU,1,1
DRDBW,1,1
DRH,1,1
DRH^A,1,1
DRI,1,1
DRIO,1,1
DRMA,1,1
DRMAW,1,1
DRRX,1,1
DRS,1,1
DRTS,1,1
DRTSW,1,1
DRUG,1,1
DRVN,1,1
DSGN,1,1
DSGR,1,1
DSGX,1,1
DSL,1,1
DSM,1,1
DSP,1,1
DSS,1,1
DSU,1,1
DSWL,1,1
DSX,1,1
DSX^B,1,1
DSY,1,1
DSYWW,1,1
DT,1,1
DTB,1,1
DTC,1,1
DTCK,1,1
DTE,1,1
DTF,1,1
DTG,1,1
DTI,1,1
DTIL,1,1
DTM,1,1
DTSQ,1,1
DTSQR,1,1
DTSS,1,1
DTST,1,1
DTSTW,1,1
DTW,1,1
DUK,1,1
DUK^A,1,1
DUKB,1,1
DUO,1,1
DUOL,1,1
DUOT,1,1
DV,1,1
DVA,1,1
DVAX,1,1
DVLT,1,1
DVN,1,1
DVS,1,1
DWSN,1,1
DWTX,1,1
DX,1,1
DX^C,1,1
DXC,1,1
DXCM,1,1
DXF,1,1
DXLG,1,1
DXPE,1,1
DXR,1,1
DXST,1,1
DXYZ,1,1
DY,1,1
DYAI,1,1
DYCQ,1,1
DYCQR,1,1
DYN,1,1
DYNX,1,1
DYNXU,1,1
DYNXW,1,1
E,1,1
EA,1,1
EAD,1,1
EAF,1,1
EAI,1,1
EARN,1,1
EAT,1,1
EB,1,1
EBAY,1,1
EBC,1,1
EBF,1,1
EBMT,1,1
EBON,1,1
EBR,1,1
EBS,1,1
EC,1,1
ECAT,1,1
ECBK,1,1
ECC           ,1,1
ECC^D,1,1
ECCC,1,1
ECCF,1,1
ECCU,1,1
ECCV,1,1
ECCW,1,1
ECCX,1,1
ECDA,1,1
ECDAW,1,1
ECF,1,1
ECF^A,1,1
ECG,1,1
ECL,1,1
ECO,1,1
ECOR,1,1
ECPG,1,1
ECVT,1,1
ECX,1,1
ECXWW,1,1
ED,1,1
EDAP,1,1
EDBL,1,1
EDBLW,1,1
EDD,1,1
EDF,1,1
EDHL,1,1
EDIT,1,1
EDN,1,1
EDRY,1,1
EDSA,1,1
EDTK,1,1
EDU,1,1
EDUC,1,1
EE,1,1
EEA,1,1
EEFT,1,1
EEIQ,1,1
EEX,1,1
EFC,1,1
EFC^A,1,1
EFC^B,1,1
EFC^C,1,1
EFC^D,1,1
EFOI,1,1
EFR,1,1
EFSC,1,1
EFSCP,1,1
EFSI,1,1
EFT,1,1
EFX,1,1
EFXT,1,1
EG,1,1
EGAN,1,1
EGBN,1,1
EGG,1,1
EGHA,1,1
EGY,1,1
EH,1,1
EHAB,1,1
EHC,1,1
EHGO,1,1
EHI,1,1
EHLD,1,1
EHTH,1,1
EIC,1,1
EICA,1,1
EICB,1,1
EICC,1,1
EIG,1,1
EIIA,1,1
EIM,1,1
EIX,1,1
EJH,1,1
EKSO,1,1
EL,1,1
ELA,1,1
ELAB,1,1
ELAN,1,1
ELBM,1,1
ELC,1,1
ELDN,1,1
ELEV,1,1
ELF,1,1
ELLO,1,1
ELMD,1,1
ELME,1,1
ELP,1,1
ELPC,1,1
ELPW,1,1
ELS,1,1
ELSE,1,1
ELTK,1,1
ELTX,1,1
ELUT,1,1
ELV,1,1
ELVA,1,1
ELVN,1,1
ELWS,1,1
EM,1,1
EMA,1,1
EMBC,1,1
EMCG,1,1
EMCGR,1,1
EMD,1,1
EME,1,1
EMF,1,1
EML,1,1
EMN,1,1
EMO,1,1
EMP,1,1
EMPG,1,1
EMR,1,1
EMX,1,1
ENB,1,1
ENFY,1,1
ENGN,1,1
ENGNW,1,1
ENGS,1,1
ENIC,1,1
ENJ,1,1
ENLT,1,1
ENLV,1,1
ENO,1,1
ENOV,1,1
ENPH,1,1
ENR,1,1
ENS,1,1
ENSC,1,1
ENSG,1,1
ENTA,1,1
ENTG,1,1
ENTO,1,1
ENTX,1,1
ENVA,1,1
ENVB,1,1
ENVX,1,1
ENVXW,1,1
ENX,1,1
EOD,1,1
EOG,1,1
EOI,1,1
EOLS,1,1
EONR,1,1
EOS,1,1
EOSE,1,1
EOSEW,1,1
EOT,1,1
EP,1,1
EP^C,1,1
EPAC,1,1
EPAM,1,1
EPC,1,1
EPD,1,1
EPIX,1,1
EPM,1,1
EPOW,1,1
EPR,1,1
EPR^C,1,1
EPR^E,1,1
EPR^G,1,1
EPRT,1,1
EPRX,1,1
EPSM,1,1
EPSN,1,1
EPWK,1,1
EQ,1,1
EQBK,1,1
EQH,1,1
EQH^A,1,1
EQH^C,1,1
EQIX,1,1
EQNR,1,1
EQR,1,1
EQS,1,1
EQT,1,1
EQV,1,1
EQX,1,1
ERAS,1,1
ERC,1,1
ERH,1,1
ERIC,1,1
ERIE,1,1
ERII,1,1
ERJ,1,1
ERNA,1,1
ERO,1,1
ES,1,1
ESAB,1,1
ESCA,1,1
ESE,1,1
ESEA,1,1
ESGL,1,1
ESGLW,1,1
ESHA,1,1
ESI,1,1
ESLA,1,1
ESLAW,1,1
ESLT,1,1
ESNT,1,1
ESOA,1,1
ESP,1,1
ESPR,1,1
ESQ,1,1
ESRT,1,1
ESS,1,1
ESSA,1,1
ESTA,1,1
ESTC,1,1
ET,1,1
ET^I,1,1
ETB,1,1
ETD,1,1
ETG,1,1
ETI^,1,1
ETJ,1,1
ETN,1,1
ETNB,1,1
ETO,1,1
ETON,1,1
ETOR,1,1
ETR,1,1
ETSY,1,1
ETV,1,1
ETW,1,1
ETWO,1,1
ETX           ,1,1
ETY,1,1
EU,1,1
EUDA,1,1
EUDAW,1,1
EURK,1,1
EVAX,1,1
EVC,1,1
EVCM,1,1
EVER,1,1
EVEX,1,1
EVF,1,1
EVG,1,1
EVGN,1,1
EVGO,1,1
EVGOW,1,1
EVH,1,1
EVI,1,1
EVLV,1,1
EVLVW,1,1
EVM,1,1
EVN,1,1
EVO,1,1
EVOK,1,1
EVR,1,1
EVRG,1,1
EVT,1,1
EVTC,1,1
EVTL,1,1
EVTV,1,1
EVV,1,1
EW,1,1
EWBC,1,1
EWCZ,1,1
EWTX,1,1
EXAS,1,1
EXC,1,1
EXE,1,1
EXEEL,1,1
EXEL,1,1
EXFY,1,1
EXG,1,1
EXK,1,1
EXLS,1,1
EXOD,1,1
EXOZ,1,1
EXP,1,1
EXPD,1,1
EXPE,1,1
EXPI,1,1
EXPO,1,1
EXR,1,1
EXTR,1,1
EYE,1,1
EYPT,1,1
EZGO,1,1
EZPW,1,1
F,1,1
F^B,1,1
F^C,1,1
F^D,1,1
FA,1,1
FAAS,1,1
FAASW,1,1
FACT,1,1
FAF,1,1
FAMI,1,1
FANG,1,1
FARM,1,1
FAST,1,1
FAT,1,1
FATBB,1,1
FATBP,1,1
FATE,1,1
FATN,1,1
FAX,1,1
FBGL,1,1
FBIN,1,1
FBIO,1,1
FBIOP,1,1
FBIZ,1,1
FBK,1,1
FBLA,1,1
FBLG,1,1
FBNC,1,1
FBP,1,1
FBRT,1,1
FBRT^E,1,1
FBRX,1,1
FBYD,1,1
FBYDW,1,1
FC,1,1
FCAP,1,1
FCBC,1,1
FCCO,1,1
FCEL,1,1
FCF,1,1
FCFS,1,1
FCN,1,1
FCNCA,1,1
FCNCO,1,1
FCNCP,1,1
FCO,1,1
FCPT,1,1
FCRX,1,1
FCT,1,1
FCUV,1,1
FCX,1,1
FDBC,1,1
FDMT,1,1
FDP,1,1
FDS,1,1
FDSB,1,1
FDUS,1,1
FDX,1,1
FE,1,1
FEAM,1,1
FEBO,1,1
FEDU,1,1
FEIM,1,1
FELE,1,1
FEMY,1,1
FENC,1,1
FENG,1,1
FER,1,1
FERA,1,1
FERAR,1,1
FERAU,1,1
FERG,1,1
FET,1,1
FF,1,1
FFA,1,1
FFAI,1,1
FFAIW,1,1
FFBC,1,1
FFC,1,1
FFIC,1,1
FFIN,1,1
FFIV,1,1
FFWM,1,1
FG,1,1
FGBI,1,1
FGBIP,1,1
FGEN,1,1
FGF,1,1
FGFPP,1,1
FGI,1,1
FGL,1,1
FGMC,1,1
FGMCR,1,1
FGMCU,1,1
FGN,1,1
FGSN,1,1
FHB,1,1
FHI,1,1
FHN,1,1
FHN^B,1,1
FHN^C,1,1
FHN^E,1,1
FHN^F,1,1
FHTX,1,1
FI,1,1
FIBK,1,1
FICO,1,1
FIEE,1,1
FIGS,1,1
FIGXU,1,1
FIHL,1,1
FINS,1,1
FINV,1,1
FINW,1,1
FIP,1,1
FIS,1,1
FISI,1,1
FITB,1,1
FITBI,1,1
FITBO,1,1
FITBP,1,1
FIVE,1,1
FIVN,1,1
FIX,1,1
FIZZ,1,1
FKWL,1,1
FL,1,1
FLC,1,1
FLD,1,1
FLDDW,1,1
FLEX,1,1
FLG,1,1
FLG^A,1,1
FLG^U,1,1
FLGC,1,1
FLGT,1,1
FLL,1,1
FLNC,1,1
FLNG,1,1
FLNT,1,1
FLO,1,1
FLOC,1,1
FLR,1,1
FLS,1,1
FLUT,1,1
FLUX,1,1
FLWS,1,1
FLX,1,1
FLXS,1,1
FLYE,1,1
FLYW,1,1
FLYX,1,1
FLYY,1,1
FMAO,1,1
FMBH,1,1
FMC,1,1
FMFC,1,1
FMN,1,1
FMNB,1,1
FMS,1,1
FMST,1,1
FMSTW,1,1
FMX,1,1
FMY,1,1
FN,1,1
FNB,1,1
FND,1,1
FNF,1,1
FNGR,1,1
FNKO,1,1
FNLC,1,1
FNV,1,1
FNWB,1,1
FNWD,1,1
FOA,1,1
FOF,1,1
FOLD,1,1
FONR,1,1
FOR,1,1
FORA,1,1
FORD,1,1
FORL,1,1
FORLW,1,1
FORM,1,1
FORR,1,1
FORTY,1,1
FOSL,1,1
FOSLL,1,1
FOUR,1,1
FOUR^A,1,1
FOX,1,1
FOXA,1,1
FOXF,1,1
FOXO,1,1
FOXX,1,1
FOXXW,1,1
FPAY,1,1
FPF,1,1
FPH,1,1
FPI,1,1
FR,1,1
FRA,1,1
FRAF,1,1
FRBA,1,1
FRD,1,1
FRGE,1,1
FRGT,1,1
FRHC,1,1
FRME,1,1
FRMEP,1,1
FRO,1,1
FROG,1,1
FRPH,1,1
FRPT,1,1
FRSH,1,1
FRST,1,1
FRSX,1,1
FRT,1,1
FRT^C,1,1
FSBC,1,1
FSBW,1,1
FSCO,1,1
FSEA,1,1
FSFG,1,1
FSHP,1,1
FSHPR,1,1
FSI,1,1
FSK,1,1
FSLR,1,1
FSLY,1,1
FSM,1,1
FSP,1,1
FSS,1,1
FSTR,1,1
FSUN,1,1
FSV,1,1
FT,1,1
FTAI,1,1
FTAIM,1,1
FTAIN,1,1
FTCI,1,1
FTDR,1,1
FTEK,1,1
FTEL,1,1
FTF,1,1
FTFT,1,1
FTHM,1,1
FTHY,1,1
FTI,1,1
FTK,1,1
FTLF,1,1
FTNT,1,1
FTRE,1,1
FTRK,1,1
FTS,1,1
FTV,1,1
FUBO,1,1
FUFU,1,1
FUFUW,1,1
FUL,1,1
FULC,1,1
FULT,1,1
FULTP,1,1
FUN,1,1
FUNC,1,1
FUND,1,1
FURY,1,1
FUSB,1,1
FUTU,1,1
FVCB,1,1
FVN,1,1
FVNNR,1,1
FVNNU,1,1
FVR,1,1
FVRR,1,1
FWONA,1,1
FWONK,1,1
FWRD,1,1
FWRG,1,1
FXNC,1,1
FYBR,1,1
G,1,1
GAB,1,1
GAB^G,1,1
GAB^H,1,1
GAB^K,1,1
GABC,1,1
GAIA,1,1
GAIN,1,1
GAINI,1,1
GAINL,1,1
GAINN,1,1
GAINZ,1,1
GALT,1,1
GAM,1,1
GAM^B,1,1
GAMB,1,1
GAME,1,1
GANX,1,1
GAP,1,1
GASS,1,1
GATX,1,1
GAU,1,1
GAUZ,1,1
GB,1,1
GBAB,1,1
GBCI,1,1
GBDC,1,1
GBFH,1,1
GBIO,1,1
GBLI,1,1
GBR,1,1
GBTG,1,1
GBX,1,1
GCBC,1,1
GCI,1,1
GCL,1,1
GCLWW,1,1
GCMG,1,1
GCMGW,1,1
GCO,1,1
GCT,1,1
GCTK,1,1
GCTS,1,1
GCV,1,1
GD,1,1
GDC,1,1
GDDY,1,1
GDEN,1,1
GDEV,1,1
GDEVW,1,1
GDHG,1,1
GDL,1,1
GDO,1,1
GDOT,1,1
GDRX,1,1
GDS,1,1
GDTC,1,1
GDV,1,1
GDV^H,1,1
GDV^K,1,1
GDYN,1,1
GE,1,1
GECC,1,1
GECCH,1,1
GECCI,1,1
GECCO,1,1
GECCZ,1,1
GEF,1,1
GEG,1,1
GEGGL,1,1
GEHC,1,1
GEL,1,1
GELS,1,1
GEN,1,1
GENC,1,1
GENI,1,1
GENK,1,1
GENVR,1,1
GEO,1,1
GEOS,1,1
GERN,1,1
GES,1,1
GETY,1,1
GEV,1,1
GEVO,1,1
GF,1,1
GFAI,1,1
GFAIW,1,1
GFF,1,1
GFI,1,1
GFL,1,1
GFR,1,1
GFS,1,1
GGAL,1,1
GGB,1,1
GGG,1,1
GGN,1,1
GGN^B,1,1
GGR,1,1
GGROW,1,1
GGT,1,1
GGT^E,1,1
GGT^G,1,1
GGZ,1,1
GH,1,1
GHC,1,1
GHG,1,1
GHI,1,1
GHLD,1,1
GHM,1,1
GHRS,1,1
GHY,1,1
GIB,1,1
GIBO,1,1
GIBOW,1,1
GIC,1,1
GIFI,1,1
GIFT,1,1
GIG,1,1
GIGGU,1,1
GIGGW,1,1
GIGM,1,1
GIII,1,1
GIL,1,1
GILD,1,1
GILT,1,1
GIPR,1,1
GIPRW,1,1
GIS,1,1
GITS,1,1
GJH,1,1
GJP,1,1
GJS,1,1
GJT,1,1
GKOS,1,1
GL,1,1
GL^D,1,1
GLAD,1,1
GLADZ,1,1
GLBE,1,1
GLBS,1,1
GLBZ,1,1
GLDD,1,1
GLDG,1,1
GLE,1,1
GLIBA,1,1
GLIBK,1,1
GLMD,1,1
GLNG,1,1
GLO,1,1
GLOB,1,1
GLOP^A,1,1
GLOP^B,1,1
GLOP^C,1,1
GLP,1,1
GLP^B,1,1
GLPG,1,1
GLPI,1,1
GLQ,1,1
GLRE,1,1
GLSI,1,1
GLTO,1,1
GLU,1,1
GLU^A,1,1
GLU^B,1,1
GLUE,1,1
GLV,1,1
GLW,1,1
GLXG,1,1
GLXY,1,1
GM,1,1
GMAB,1,1
GME,1,1
GMED,1,1
GMGI,1,1
GMHS,1,1
GMM,1,1
GMRE,1,1
GMRE^A,1,1
GMS,1,1
GNE,1,1
GNFT,1,1
GNK,1,1
GNL,1,1
GNL^A,1,1
GNL^B,1,1
GNL^D,1,1
GNL^E,1,1
GNLN,1,1
GNLX,1,1
GNPX,1,1
GNRC,1,1
GNS,1,1
GNSS,1,1
GNT,1,1
GNT^A,1,1
GNTA,1,1
GNTX,1,1
GNTY,1,1
GNW,1,1
GO,1,1
GOCO,1,1
GOF,1,1
GOGL,1,1
GOGO,1,1
GOLF,1,1
GOOD,1,1
GOODN,1,1
GOODO,1,1
GOOG,1,1
GOOGL,1,1
GOOS,1,1
GORO,1,1
GORV,1,1
GOSS,1,1
GOTU,1,1
GOVX,1,1
GOVXW,1,1
GP,1,1
GPAT,1,1
GPATW,1,1
GPC,1,1
GPCR,1,1
GPI,1,1
GPJA,1,1
GPK,1,1
GPMT,1,1
GPMT^A,1,1
GPN,1,1
GPOR,1,1
GPRE,1,1
GPRK,1,1
GPRO,1,1
GPUS,1,1
GPUS^D,1,1
GRAB,1,1
GRABW,1,1
GRAF,1,1
GRAL,1,1
GRAN,1,1
GRBK,1,1
GRBK^A,1,1
GRC,1,1
GRCE,1,1
GRDN,1,1
GREE,1,1
GREEL,1,1
GRF,1,1
GRFS,1,1
GRI,1,1
GRMN,1,1
GRND,1,1
GRNQ,1,1
GRNT,1,1
GRO,1,1
GROV,1,1
GROW,1,1
GROY,1,1
GRPN,1,1
GRRR,1,1
GRRRW,1,1
GRVY,1,1
GRWG,1,1
GRX,1,1
GRYP,1,1
GS,1,1
GS^A,1,1
GS^C,1,1
GS^D,1,1
GSAT,1,1
GSBC,1,1
GSBD,1,1
GSHD,1,1
GSHR,1,1
GSHRU,1,1
GSHRW,1,1
GSIT,1,1
GSIW,1,1
GSK,1,1
GSL,1,1
GSL^B,1,1
GSM,1,1
GSRT,1,1
GSRTR,1,1
GSUN,1,1
GT,1,1
GTBP,1,1
GTE,1,1
GTEC,1,1
GTEN,1,1
GTENU,1,1
GTENW,1,1
GTERU,1,1
GTES,1,1
GTI,1,1
GTIM,1,1
GTLB,1,1
GTLS,1,1
GTLS^B,1,1
GTM,1,1
GTN,1,1
GTX,1,1
GTY,1,1
GUG,1,1
GURE,1,1
GUT,1,1
GUT^C,1,1
GUTS,1,1
GV,1,1
GVA,1,1
GVH,1,1
GWAV,1,1
GWH,1,1
GWRE,1,1
GWRS,1,1
GWW,1,1
GXAI,1,1
GXO,1,1
GYRE,1,1
GYRO,1,1
H,1,1
HAE,1,1
HAFC,1,1
HAFN,1,1
HAIN,1,1
HAL,1,1
HALO,1,1
HAO,1,1
HAS,1,1
HASI,1,1
HAYW,1,1
HBAN,1,1
HBANL,1,1
HBANM,1,1
HBANP,1,1
HBB,1,1
HBCP,1,1
HBI,1,1
HBIO,1,1
HBM,1,1
HBNB,1,1
HBNC,1,1
HBT,1,1
HCA,1,1
HCAI,1,1
HCAT,1,1
HCC,1,1
HCHL,1,1
HCI,1,1
HCKT,1,1
HCM,1,1
HCSG,1,1
HCTI,1,1
HCWB,1,1
HCWC,1,1
HCXY,1,1
HD,1,1
HDB,1,1
HDL,1,1
HDSN,1,1
HE,1,1
HEI,1,1
HEI/A,1,1
HELE,1,1
HEPS,1,1
HEQ,1,1
HERZ,1,1
HESM,1,1
HFBL,1,1
HFFG,1,1
HFRO,1,1
HFRO^A,1,1
HFRO^B,1,1
HFWA,1,1
HG,1,1
HGBL,1,1
HGLB,1,1
HGTY,1,1
HGV,1,1
HHH,1,1
HHS,1,1
HI,1,1
HIFS,1,1
HIG,1,1
HIG^G,1,1
HIHO,1,1
HII,1,1
HIMS,1,1
HIMX,1,1
HIO,1,1
HIPO,1,1
HIT,1,1
HITI,1,1
HIVE,1,1
HIW,1,1
HIX,1,1
HKD,1,1
HKIT,1,1
HKPD,1,1
HL,1,1
HL^B,1,1
HLF,1,1
HLI,1,1
HLIO,1,1
HLIT,1,1
HLLY,1,1
HLMN,1,1
HLN,1,1
HLNE,1,1
HLP,1,1
HLT,1,1
HLVX,1,1
HLX,1,1
HLXB,1,1
HMC,1,1
HMN,1,1
HMR,1,1
HMST,1,1
HMY,1,1
HNGE,1,1
HNI,1,1
HNNA,1,1
HNNAZ,1,1
HNRG,1,1
HNST,1,1
HNVR,1,1
HNW,1,1
HOFT,1,1
HOG,1,1
HOLO,1,1
HOLOW,1,1
HOLX,1,1
HOMB,1,1
HON,1,1
HOND,1,1
HONDU,1,1
HONDW,1,1
HONE,1,1
HOOD,1,1
HOOK,1,1
HOPE,1,1
HOTH,1,1
HOUR,1,1
HOUS,1,1
HOV,1,1
HOVNP,1,1
HOVR,1,1
HOVRW,1,1
HOWL,1,1
HP,1,1
HPAI,1,1
HPAIW,1,1
HPE,1,1
HPE^C,1,1
HPF,1,1
HPI,1,1
HPK,1,1
HPKEW,1,1
HPP,1,1
HPP^C,1,1
HPQ,1,1
HPS,1,1
HQH,1,1
HQI,1,1
HQL,1,1
HQY,1,1
HR,1,1
HRB,1,1
HRI,1,1
HRL,1,1
HRMY,1,1
HROW,1,1
HROWL,1,1
HROWM,1,1
HRTG,1,1
HRTX,1,1
HRZN,1,1
HSAI,1,1
HSBC,1,1
HSCS,1,1
HSCSW,1,1
HSDT,1,1
HSHP,1,1
HSIC,1,1
HSII,1,1
HSON,1,1
HSPO,1,1
HSPOR,1,1
HSPOW,1,1
HSPT,1,1
HSPTR,1,1
HST,1,1
HSTM,1,1
HSY,1,1
HTB,1,1
HTBK,1,1
HTCO,1,1
HTCR,1,1
HTD,1,1
HTFB,1,1
HTFC,1,1
HTGC,1,1
HTH,1,1
HTHT,1,1
HTLD,1,1
HTLM,1,1
HTO,1,1
HTOO,1,1
HTOOW,1,1
HTZ,1,1
HTZWW,1,1
HUBB,1,1
HUBC,1,1
HUBCW,1,1
HUBCZ,1,1
HUBG,1,1
HUBS,1,1
HUDI,1,1
HUHU,1,1
HUIZ,1,1
HUM,1,1
HUMA,1,1
HUMAW,1,1
HUN,1,1
HURA,1,1
HURC,1,1
HURN,1,1
HUSA,1,1
HUT,1,1
HUYA,1,1
HVII,1,1
HVIIU,1,1
HVT,1,1
HVT/A,1,1
HWBK,1,1
HWC,1,1
HWCPZ,1,1
HWH,1,1
HWKN,1,1
HWM,1,1
HWM^,1,1
HXHX,1,1
HXL,1,1
HY,1,1
HYAC,1,1
HYFM,1,1
HYI,1,1
HYLN,1,1
HYMC,1,1
HYMCL,1,1
HYPD,1,1
HYPR,1,1
HYT,1,1
HZO,1,1
IAC,1,1
IAE,1,1
IAF,1,1
IAG,1,1
IART,1,1
IAS,1,1
IAUX,1,1
IBAC,1,1
IBACR,1,1
IBCP,1,1
IBEX,1,1
IBG,1,1
IBIO,1,1
IBKR,1,1
IBM,1,1
IBN,1,1
IBO,1,1
IBOC,1,1
IBP,1,1
IBRX,1,1
IBTA,1,1
ICCC,1,1
ICCM,1,1
ICE,1,1
ICFI,1,1
ICG,1,1
ICHR,1,1
ICL,1,1
ICLR,1,1
ICMB,1,1
ICON,1,1
ICR^A,1,1
ICU,1,1
ICUCW,1,1
ICUI,1,1
IDA,1,1
IDAI,1,1
IDCC,1,1
IDE,1,1
IDN,1,1
IDR,1,1
IDT,1,1
IDXX,1,1
IDYA,1,1
IE,1,1
IEP,1,1
IESC,1,1
IEX,1,1
IFBD,1,1
IFF,1,1
IFN,1,1
IFRX,1,1
IFS,1,1
IGA,1,1
IGC,1,1
IGD,1,1
IGI,1,1
IGIC,1,1
IGMS,1,1
IGR,1,1
IH,1,1
IHD,1,1
IHG,1,1
IHRT,1,1
IHS,1,1
IHT,1,1
IIF,1,1
III,1,1
IIIN,1,1
IIIV,1,1
IIM,1,1
IINN,1,1
IINNW,1,1
IIPR,1,1
IIPR^A,1,1
IKNA,1,1
IKT,1,1
ILAG,1,1
ILLR,1,1
ILLRW,1,1
ILMN,1,1
ILPT,1,1
IMAB,1,1
IMAX,1,1
IMCC,1,1
IMCR,1,1
IMDX,1,1
IMG,1,1
IMKTA,1,1
IMMP,1,1
IMMR,1,1
IMMX,1,1
IMNM,1,1
IMNN,1,1
IMO,1,1
IMOS,1,1
IMPP,1,1
IMPPP,1,1
IMRN,1,1
IMRX,1,1
IMTE,1,1
IMTX,1,1
IMUX,1,1
IMVT,1,1
IMXI,1,1
INAB,1,1
INACU,1,1
INBK,1,1
INBKZ,1,1
INBS,1,1
INBX,1,1
INCR,1,1
INCY,1,1
INDB,1,1
INDI,1,1
INDO,1,1
INDP,1,1
INDV,1,1
INEO,1,1
INFA,1,1
INFU,1,1
INFY,1,1
ING,1,1
INGM,1,1
INGN,1,1
INGR,1,1
INHD,1,1
INKT,1,1
INLF,1,1
INLX,1,1
INM,1,1
INMB,1,1
INMD,1,1
INN,1,1
INN^E,1,1
INN^F,1,1
INNV,1,1
INO,1,1
INOD,1,1
INR,1,1
INSE,1,1
INSG,1,1
INSM,1,1
INSP,1,1
INSW,1,1
INTA,1,1
INTC,1,1
INTG,1,1
INTJ,1,1
INTR,1,1
INTS,1,1
INTT,1,1
INTU,1,1
INTZ,1,1
INUV,1,1
INV,1,1
INVA,1,1
INVE,1,1
INVH,1,1
INVX,1,1
INVZ,1,1
INVZW,1,1
IOBT,1,1
IONQ,1,1
IONR,1,1
IONS,1,1
IOR,1,1
IOSP,1,1
IOT,1,1
IOTR,1,1
IOVA,1,1
IP,1,1
IPA,1,1
IPAR,1,1
IPCX,1,1
IPCXR,1,1
IPCXU,1,1
IPDN,1,1
IPG,1,1
IPGP,1,1
IPHA,1,1
IPI,1,1
IPM,1,1
IPOD,1,1
IPODU,1,1
IPODW,1,1
IPSC,1,1
IPW,1,1
IPWR,1,1
IPX,1,1
IQ,1,1
IQI,1,1
IQST,1,1
IQV,1,1
IR,1,1
IRBT,1,1
IRD,1,1
IRDM,1,1
IREN,1,1
IRIX,1,1
IRM,1,1
IRMD,1,1
IROH,1,1
IROHR,1,1
IROHU,1,1
IROHW,1,1
IRON,1,1
IROQ,1,1
IRS,1,1
IRT,1,1
IRTC,1,1
IRWD,1,1
ISBA,1,1
ISD,1,1
ISOU,1,1
ISPC,1,1
ISPO,1,1
ISPOW,1,1
ISPR,1,1
ISRG,1,1
ISRL,1,1
ISRLW,1,1
ISSC,1,1
ISTR,1,1
IT,1,1
ITGR,1,1
ITIC,1,1
ITOS,1,1
ITP,1,1
ITRG,1,1
ITRI,1,1
ITRM,1,1
ITRN,1,1
ITT,1,1
ITUB,1,1
ITW,1,1
IVA,1,1
IVDA,1,1
IVDAW,1,1
IVF,1,1
IVP,1,1
IVR,1,1
IVR^C,1,1
IVT,1,1
IVVD,1,1
IVZ,1,1
IX,1,1
IXHL,1,1
IZEA,1,1
IZM,1,1
J,1,1
JACK,1,1
JACS,1,1
JAGX,1,1
JAKK,1,1
JAMF,1,1
JANX,1,1
JAZZ,1,1
JBDI,1,1
JBGS,1,1
JBHT,1,1
JBI,1,1
JBIO,1,1
JBK,1,1
JBL,1,1
JBLU,1,1
JBS,1,1
JBSS,1,1
JBTM,1,1
JCAP,1,1
JCE,1,1
JCI,1,1
JCSE,1,1
JCTC,1,1
JD,1,1
JDZG,1,1
JEF,1,1
JELD,1,1
JEM,1,1
JENA,1,1
JEQ,1,1
JFB,1,1
JFBR,1,1
JFBRW,1,1
JFIN,1,1
JFR,1,1
JFU,1,1
JG,1,1
JGH,1,1
JHG,1,1
JHI,1,1
JHS,1,1
JHX,1,1
JILL,1,1
JJSF,1,1
JKHY,1,1
JKS,1,1
JL,1,1
JLHL,1,1
JLL,1,1
JLS,1,1
JMIA,1,1
JMM,1,1
JMSB,1,1
JNJ,1,1
JOB,1,1
JOBY,1,1
JOE,1,1
JOF,1,1
JOUT,1,1
JOYY,1,1
JPC,1,1
JPI,1,1
JPM,1,1
JPM^C,1,1
JPM^D,1,1
JPM^J,1,1
JPM^K,1,1
JPM^L,1,1
JPM^M,1,1
JQC,1,1
JRI,1,1
JRS,1,1
JRSH,1,1
JRVR,1,1
JSM,1,1
JSPR,1,1
JTAI,1,1
JUNS,1,1
JVA,1,1
JWEL,1,1
JXG,1,1
JXN,1,1
JXN^A,1,1
JYD,1,1
JYNT,1,1
JZ,1,1
JZXN,1,1
K,1,1
KAI,1,1
KALA,1,1
KALU,1,1
KALV,1,1
KAPA,1,1
KAR,1,1
KARO,1,1
KAVL,1,1
KB,1,1
KBDC,1,1
KBH,1,1
KBR,1,1
KBSX,1,1
KC,1,1
KCHV,1,1
KCHVR,1,1
KCHVU,1,1
KD,1,1
KDP,1,1
KE,1,1
KELYA,1,1
KELYB,1,1
KEN,1,1
KEP,1,1
KEQU,1,1
KEX,1,1
KEY,1,1
KEY^I,1,1
KEY^J,1,1
KEY^K,1,1
KEY^L,1,1
KEYS,1,1
KF,1,1
KFFB,1,1
KFII,1,1
KFIIR,1,1
KFRC,1,1
KFS,1,1
KFY,1,1
KG,1,1
KGC,1,1
KGEI,1,1
KGS,1,1
KHC,1,1
KIDS,1,1
KIDZ,1,1
KIDZW,1,1
KIM,1,1
KIM^L,1,1
KIM^M,1,1
KIM^N,1,1
KINS,1,1
KIO,1,1
KIRK,1,1
KITT,1,1
KITTW,1,1
KKR,1,1
KKR^D,1,1
KKRS,1,1
KKRT,1,1
KLAC,1,1
KLC,1,1
KLG,1,1
KLIC,1,1
KLRS,1,1
KLTO,1,1
KLTOW,1,1
KLTR,1,1
KLXE,1,1
KMB,1,1
KMDA,1,1
KMI,1,1
KMPB,1,1
KMPR,1,1
KMRK,1,1
KMT,1,1
KMTS,1,1
KMX,1,1
KN,1,1
KNDI,1,1
KNF,1,1
KNOP,1,1
KNSA,1,1
KNSL,1,1
KNTK,1,1
KNW,1,1
KNX,1,1
KO,1,1
KOD,1,1
KODK,1,1
KOF,1,1
KOP,1,1
KOPN,1,1
KORE,1,1
KOS,1,1
KOSS,1,1
KPLT,1,1
KPLTW,1,1
KPRX,1,1
KPTI,1,1
KR,1,1
KRC,1,1
KREF,1,1
KREF^A,1,1
KRG,1,1
KRKR,1,1
KRMD,1,1
KRMN,1,1
KRNT,1,1
KRNY,1,1
KRO,1,1
KROS,1,1
KRP,1,1
KRRO,1,1
KRT,1,1
KRUS,1,1
KRYS,1,1
KSCP,1,1
KSPI,1,1
KSS,1,1
KT,1,1
KTB,1,1
KTCC,1,1
KTF,1,1
KTH,1,1
KTN,1,1
KTOS,1,1
KTTA,1,1
KUKE,1,1
KULR,1,1
KURA,1,1
KVAC,1,1
KVACW,1,1
KVHI,1,1
KVUE,1,1
KVYO,1,1
KW,1,1
KWM,1,1
KWMWW,1,1
KWR,1,1
KXIN,1,1
KYMR,1,1
KYN,1,1
KYTX,1,1
KZIA,1,1
KZR,1,1
L,1,1
LAB,1,1
LAC,1,1
LAD,1,1
LADR,1,1
LAES,1,1
LAKE,1,1
LAMR,1,1
LAND,1,1
LANDM,1,1
LANDO,1,1
LANDP,1,1
LANV,1,1
LAR,1,1
LARK,1,1
LASE,1,1
LASR,1,1
LAUR,1,1
LAW,1,1
LAWR,1,1
LAZ,1,1
LAZR,1,1
LB,1,1
LBGJ,1,1
LBRDA,1,1
LBRDK,1,1
LBRDP,1,1
LBRT,1,1
LBTYA,1,1
LBTYB,1,1
LBTYK,1,1
LC,1,1
LCCC,1,1
LCCCR,1,1
LCCCU,1,1
LCFY,1,1
LCFYW,1,1
LCID,1,1
LCII,1,1
LCNB,1,1
LCTX,1,1
LCUT,1,1
LDI,1,1
LDOS,1,1
LDP,1,1
LDWY,1,1
LE,1,1
LEA,1,1
LECO,1,1
LEDS,1,1
LEE,1,1
LEG,1,1
LEGH,1,1
LEGN,1,1
LEGT,1,1
LEN,1,1
LENZ,1,1
LEO,1,1
LESL,1,1
LEU,1,1
LEVI,1,1
LEXX,1,1
LEXXW,1,1
LFCR,1,1
LFMD,1,1
LFMDP,1,1
LFST,1,1
LFT,1,1
LFT^A,1,1
LFUS,1,1
LFVN,1,1
LFWD,1,1
LGCB,1,1
LGCL,1,1
LGCY,1,1
LGHL,1,1
LGI,1,1
LGIH,1,1
LGL,1,1
LGND,1,1
LGO,1,1
LGPS,1,1
LGVN,1,1
LH,1,1
LHSW,1,1
LHX,1,1
LI,1,1
LICN,1,1
LIDR,1,1
LIDRW,1,1
LIEN,1,1
LIF,1,1
LII,1,1
LILA,1,1
LILAK,1,1
LIMN,1,1
LIMNW,1,1
LIN,1,1
LINC,1,1
LIND,1,1
LINE,1,1
LINK,1,1
LION,1,1
LIQT,1,1
LITB,1,1
LITE,1,1
LITM,1,1
LIVE,1,1
LIVN,1,1
LIXT,1,1
LIXTW,1,1
LKFN,1,1
LKQ,1,1
LLY,1,1
LLYVA,1,1
LLYVK,1,1
LMAT,1,1
LMB,1,1
LMFA,1,1
LMND,1,1
LMNR,1,1
LMT,1,1
LNC,1,1
LNC^D,1,1
LND,1,1
LNG,1,1
LNKB,1,1
LNKS,1,1
LNN,1,1
LNSR,1,1
LNT,1,1
LNTH,1,1
LNW,1,1
LNZA,1,1
LNZAW,1,1
LOAN,1,1
LOAR,1,1
LOB,1,1
LOBO,1,1
LOCL,1,1
LOCO,1,1
LODE,1,1
LOGI,1,1
LOKV,1,1
LOKVW,1,1
LOMA,1,1
LOOP,1,1
LOPE,1,1
LOT,1,1
LOTWW,1,1
LOVE,1,1
LOW,1,1
LPA,1,1
LPAA,1,1
LPAAU,1,1
LPAAW,1,1
LPBB,1,1
LPBBW,1,1
LPCN,1,1
LPG,1,1
LPL,1,1
LPLA,1,1
LPRO,1,1
LPSN,1,1
LPTH,1,1
LPTX,1,1
LPX,1,1
LQDA,1,1
LQDT,1,1
LRCX,1,1
LRE,1,1
LRHC,1,1
LRMR,1,1
LRN,1,1
LSAK,1,1
LSB,1,1
LSBK,1,1
LSCC,1,1
LSE,1,1
LSF,1,1
LSH,1,1
LSPD,1,1
LSTA,1,1
LSTR,1,1
LTBR,1,1
LTC,1,1
LTH,1,1
LTM,1,1
LTRN,1,1
LTRX,1,1
LTRYW,1,1
LU,1,1
LUCD,1,1
LUCK,1,1
LUCY,1,1
LUCYW,1,1
LUD,1,1
LULU,1,1
LUMN,1,1
LUNG,1,1
LUNR,1,1
LUV,1,1
LUXE,1,1
LVLU,1,1
LVO,1,1
LVRO,1,1
LVROW,1,1
LVS,1,1
LVTX,1,1
LVWR,1,1
LW,1,1
LWACU,1,1
LWAY,1,1
LWLG,1,1
LX,1,1
LXEH,1,1
LXEO,1,1
LXFR,1,1
LXP,1,1
LXP^C,1,1
LXRX,1,1
LXU,1,1
LYB,1,1
LYEL,1,1
LYFT,1,1
LYG,1,1
LYRA,1,1
LYTS,1,1
LYV,1,1
LZ,1,1
LZB,1,1
LZM,1,1
LZMH,1,1
M,1,1
MA,1,1
MAA,1,1
MAA^I,1,1
MAAS,1,1
MAC,1,1
MACI,1,1
MACIW,1,1
MAG,1,1
MAGN,1,1
MAIA,1,1
MAIN,1,1
MAMA,1,1
MAMK,1,1
MAMO,1,1
MAN,1,1
MANH,1,1
MANU,1,1
MAPS,1,1
MAPSW,1,1
MAR,1,1
MARA,1,1
MARPS,1,1
MAS,1,1
MASI,1,1
MASK,1,1
MASS,1,1
MAT,1,1
MATH,1,1
MATV,1,1
MATW,1,1
MATX,1,1
MAV,1,1
MAX,1,1
MAXN,1,1
MAYA,1,1
MAYAR,1,1
MAYAU,1,1
MAYS,1,1
MAZE,1,1
MB,1,1
MBAV,1,1
MBAVU,1,1
MBAVW,1,1
MBBC,1,1
MBC,1,1
MBCN,1,1
MBI,1,1
MBIN,1,1
MBINL,1,1
MBINM,1,1
MBINN,1,1
MBIO,1,1
MBLY,1,1
MBNKO,1,1
MBOT,1,1
MBRX,1,1
MBUU,1,1
MBWM,1,1
MBX,1,1
MC,1,1
MCB,1,1
MCBS,1,1
MCD,1,1
MCFT,1,1
MCHP,1,1
MCHPP,1,1
MCHX,1,1
MCI,1,1
MCK,1,1
MCN,1,1
MCO,1,1
MCR,1,1
MCRB,1,1
MCRI,1,1
MCRP,1,1
MCS,1,1
MCTR,1,1
MCVT,1,1
MCW,1,1
MCY,1,1
MD,1,1
MDAI,1,1
MDAIW,1,1
MDB,1,1
MDBH,1,1
MDCX,1,1
MDCXW,1,1
MDGL,1,1
MDIA,1,1
MDLZ,1,1
MDRR,1,1
MDT,1,1
MDU,1,1
MDV,1,1
MDV^A,1,1
MDWD,1,1
MDXG,1,1
MDXH,1,1
MEC,1,1
MED,1,1
MEDP,1,1
MEG,1,1
MEGI,1,1
MEGL,1,1
MEI,1,1
MEIP,1,1
MELI,1,1
MENS,1,1
MEOH,1,1
MER^K,1,1
MERC,1,1
MESA,1,1
MESO,1,1
MET,1,1
MET^A,1,1
MET^E,1,1
MET^F,1,1
META,1,1
METC,1,1
METCB,1,1
METCL,1,1
METCZ,1,1
MFA,1,1
MFA^B,1,1
MFA^C,1,1
MFAN,1,1
MFAO,1,1
MFC,1,1
MFG,1,1
MFH,1,1
MFI,1,1
MFIC,1,1
MFICL,1,1
MFIN,1,1
MFM,1,1
MG,1,1
MGA,1,1
MGEE,1,1
MGF,1,1
MGIC,1,1
MGIH,1,1
MGLD,1,1
MGM,1,1
MGNI,1,1
MGNX,1,1
MGPI,1,1
MGR,1,1
MGRB,1,1
MGRC,1,1
MGRD,1,1
MGRE,1,1
MGRM,1,1
MGRT,1,1
MGRX,1,1
MGTX,1,1
MGX,1,1
MGY,1,1
MGYR,1,1
MHD,1,1
MHF,1,1
MHH,1,1
MHI,1,1
MHK,1,1
MHLA,1,1
MHN,1,1
MHNC,1,1
MHO,1,1
MHUA,1,1
MI,1,1
MIDD,1,1
MIGI,1,1
MIMI,1,1
MIN,1,1
MIND,1,1
MIO,1,1
MIR,1,1
MIRA,1,1
MIRM,1,1
MIST,1,1
MITK,1,1
MITN,1,1
MITP,1,1
MITQ,1,1
MITT,1,1
MITT^A,1,1
MITT^B,1,1
MITT^C,1,1
MIY,1,1
MJID,1,1
MKC,1,1
MKDW,1,1
MKDWW,1,1
MKL,1,1
MKSI,1,1
MKTW,1,1
MKTX,1,1
MKZR,1,1
MLAB,1,1
MLAC,1,1
MLACR,1,1
MLACU,1,1
MLCO,1,1
MLEC,1,1
MLECW,1,1
MLGO,1,1
MLI,1,1
MLKN,1,1
MLM,1,1
MLNK,1,1
MLP,1,1
MLR,1,1
MLSS,1,1
MLTX,1,1
MLYS,1,1
MMA,1,1
MMC,1,1
MMD,1,1
MMI,1,1
MMLP,1,1
MMM,1,1
MMS,1,1
MMSI,1,1
MMT,1,1
MMU,1,1
MMYT,1,1
MNDO,1,1
MNDR,1,1
MNDY,1,1
MNKD,1,1
MNMD,1,1
MNOV,1,1
MNPR,1,1
MNR,1,1
MNRO,1,1
MNSB,1,1
MNSBP,1,1
MNSO,1,1
MNST,1,1
MNTK,1,1
MNTN,1,1
MNTS,1,1
MNTSW,1,1
MNY,1,1
MNYWW,1,1
MO,1,1
MOB,1,1
MOBBW,1,1
MOBX,1,1
MOBXW,1,1
MOD,1,1
MODD,1,1
MODG,1,1
MODV,1,1
MOFG,1,1
MOGO,1,1
MOGU,1,1
MOH,1,1
MOLN,1,1
MOMO,1,1
MORN,1,1
MOS,1,1
MOV,1,1
MOVE,1,1
MP,1,1
MPA,1,1
MPAA,1,1
MPB,1,1
MPC,1,1
MPLX,1,1
MPTI,1,1
MPU,1,1
MPV,1,1
MPW,1,1
MPWR,1,1
MPX,1,1
MQ,1,1
MQT,1,1
MQY,1,1
MRAM,1,1
MRBK,1,1
MRC,1,1
MRCC,1,1
MRCY,1,1
MREO,1,1
MRK,1,1
MRKR,1,1
MRM,1,1
MRNA,1,1
MRNO,1,1
MRNOW,1,1
MRP,1,1
MRSN,1,1
MRT,1,1
MRTN,1,1
MRUS,1,1
MRVI,1,1
MRVL,1,1
MRX,1,1
MS,1,1
MS^A,1,1
MS^E,1,1
MS^F,1,1
MS^I,1,1
MS^K,1,1
MS^L,1,1
MS^O,1,1
MS^P,1,1
MS^Q,1,1
MSA,1,1
MSAI,1,1
MSAIW,1,1
MSB,1,1
MSBI,1,1
MSBIP,1,1
MSC,1,1
MSCI,1,1
MSD,1,1
MSDL,1,1
MSEX,1,1
MSFT,1,1
MSGE,1,1
MSGM,1,1
MSGS,1,1
MSGY,1,1
MSI,1,1
MSIF,1,1
MSM,1,1
MSN,1,1
MSPR,1,1
MSPRW,1,1
MSPRZ,1,1
MSS,1,1
MSTR,1,1
MSW,1,1
MT,1,1
MTA,1,1
MTAL,1,1
MTB,1,1
MTB^H,1,1
MTB^J,1,1
MTC,1,1
MTCH,1,1
MTD,1,1
MTDR,1,1
MTEK,1,1
MTEKW,1,1
MTEN,1,1
MTEX,1,1
MTG,1,1
MTH,1,1
MTLS,1,1
MTN,1,1
MTNB,1,1
MTR,1,1
MTRN,1,1
MTRX,1,1
MTSI,1,1
MTSR,1,1
MTUS,1,1
MTVA,1,1
MTW,1,1
MTX,1,1
MTZ,1,1
MU,1,1
MUA,1,1
MUC,1,1
MUE,1,1
MUFG,1,1
MUJ,1,1
MULN,1,1
MUR,1,1
MURA,1,1
MUSA,1,1
MUX,1,1
MVBF,1,1
MVF,1,1
MVIS,1,1
MVO,1,1
MVST,1,1
MVSTW,1,1
MVT,1,1
MWA,1,1
MWG,1,1
MWYN,1,1
MX,1,1
MXC,1,1
MXCT,1,1
MXE,1,1
MXF,1,1
MXL,1,1
MYD,1,1
MYE,1,1
MYFW,1,1
MYGN,1,1
MYI,1,1
MYN,1,1
MYND,1,1
MYNZ,1,1
MYO,1,1
MYPS,1,1
MYPSW,1,1
MYRG,1,1
MYSZ,1,1
MZTI,1,1
,1,1
NAAS,1,1
NABL,1,1
NAC,1,1
NAD,1,1
NAGE,1,1
NAII,1,1
NAK,1,1
NAKA,1,1
NAKAW,1,1
NAMI,1,1
NAMM,1,1
NAMMW,1,1
NAMS,1,1
NAMSW,1,1
NAN,1,1
NAOV,1,1
NAT,1,1
NATH,1,1
NATL,1,1
NATR,1,1
NAUT,1,1
NAVI,1,1
NAZ,1,1
NB,1,1
NBB,1,1
NBBK,1,1
NBH,1,1
NBHC,1,1
NBIS,1,1
NBIX,1,1
NBN,1,1
NBR,1,1
NBTB,1,1
NBTX,1,1
NBXG,1,1
NBY,1,1
NC,1,1
NCA,1,1
NCDL,1,1
NCEW,1,1
NCI,1,1
NCL,1,1
NCLH,1,1
NCMI,1,1
NCNA,1,1
NCNO,1,1
NCPL,1,1
NCPLW,1,1
NCRA,1,1
NCSM,1,1
NCT,1,1
NCTY,1,1
NCV,1,1
NCV^A,1,1
NCZ,1,1
NCZ^A,1,1
NDAQ,1,1
NDLS,1,1
NDMO,1,1
NDRA,1,1
NDSN,1,1
NE,1,1
NEA,1,1
NECB,1,1
NEE,1,1
NEE^N,1,1
NEE^R,1,1
NEE^S,1,1
NEE^T,1,1
NEE^U,1,1
NEGG,1,1
NEHC,1,1
NEHCW,1,1
NEM,1,1
NEN,1,1
NEO,1,1
NEOG,1,1
NEON,1,1
NEOV,1,1
NEOVW,1,1
NEPH,1,1
NERV,1,1
NESR,1,1
NET,1,1
NETD,1,1
NETDW,1,1
NEU,1,1
NEUE,1,1
NEUP,1,1
NEWP,1,1
NEWT,1,1
NEWTG,1,1
NEWTH,1,1
NEWTI,1,1
NEWTZ,1,1
NEXA,1,1
NEXM,1,1
NEXN,1,1
NEXT,1,1
NFBK,1,1
NFE,1,1
NFG,1,1
NFGC,1,1
NFJ,1,1
NFLX,1,1
NG,1,1
NGD,1,1
NGG,1,1
NGL,1,1
NGL^B,1,1
NGL^C,1,1
NGNE,1,1
NGS,1,1
NGVC,1,1
NGVT,1,1
NHC,1,1
NHI,1,1
NHIC,1,1
NHICU,1,1
NHICW,1,1
NHPAP,1,1
NHPBP,1,1
NHS,1,1
NHTC,1,1
NI,1,1
NIC,1,1
NICE,1,1
NIE,1,1
NIM,1,1
NINE,1,1
NIO,1,1
NIOBW,1,1
NIPG,1,1
NISN,1,1
NITO,1,1
NIU,1,1
NIVF,1,1
NIVFW,1,1
NIXX,1,1
NIXXW,1,1
NJR,1,1
NKE,1,1
NKSH,1,1
NKTR,1,1
NKTX,1,1
NKX,1,1
NL,1,1
NLOP,1,1
NLSP,1,1
NLSPW,1,1
NLY,1,1
NLY^F,1,1
NLY^G,1,1
NLY^I,1,1
NMAI,1,1
NMAX,1,1
NMCO,1,1
NMFC,1,1
NMFCZ,1,1
NMG,1,1
NMI,1,1
NMIH,1,1
NML,1,1
NMM,1,1
NMPAU,1,1
NMR,1,1
NMRA,1,1
NMRK,1,1
NMS,1,1
NMT,1,1
NMTC,1,1
NMZ,1,1
NN,1,1
NNAVW,1,1
NNBR,1,1
NNDM,1,1
NNE,1,1
NNI,1,1
NNN,1,1
NNNN,1,1
NNOX,1,1
NNVC,1,1
NNY,1,1
NOA,1,1
NOAH,1,1
NOC,1,1
NODK,1,1
NOEM,1,1
NOEMR,1,1
NOEMW,1,1
NOG,1,1
NOK,1,1
NOM,1,1
NOMD,1,1
NOTE,1,1
NOTV,1,1
NOV,1,1
NOVT,1,1
NOW,1,1
NPAC,1,1
NPACU,1,1
NPACW,1,1
NPB,1,1
NPCE,1,1
NPCT,1,1
NPFD,1,1
NPK,1,1
NPKI,1,1
NPO,1,1
NPV,1,1
NPWR,1,1
NQP,1,1
NRC,1,1
NRDS,1,1
NRDY,1,1
NREF,1,1
NREF^A,1,1
NRG,1,1
NRGV,1,1
NRIM,1,1
NRIX,1,1
NRK,1,1
NRO,1,1
NRP,1,1
NRSN,1,1
NRSNW,1,1
NRT,1,1
NRUC,1,1
NRXP,1,1
NRXPW,1,1
NRXS,1,1
NSA,1,1
NSA^A,1,1
NSA^B,1,1
NSC,1,1
NSIT,1,1
NSP,1,1
NSPR,1,1
NSSC,1,1
NSTS,1,1
NSYS,1,1
NTAP,1,1
NTB,1,1
NTCL,1,1
NTCT,1,1
NTES,1,1
NTGR,1,1
NTHI,1,1
NTIC,1,1
NTIP,1,1
NTLA,1,1
NTNX,1,1
NTR,1,1
NTRA,1,1
NTRB,1,1
NTRBW,1,1
NTRP,1,1
NTRS,1,1
NTRSO,1,1
NTST,1,1
NTWK,1,1
NTWO,1,1
NTWOW,1,1
NTZ,1,1
NU,1,1
NUE,1,1
NUKK,1,1
NUKKW,1,1
NUS,1,1
NUTX,1,1
NUV,1,1
NUVB,1,1
NUVL,1,1
NUW,1,1
NUWE,1,1
NVA,1,1
NVAWW,1,1
NVAX,1,1
NVCR,1,1
NVCT,1,1
NVDA,1,1
NVEC,1,1
NVEE,1,1
NVFY,1,1
NVG,1,1
NVGS,1,1
NVMI,1,1
NVNI,1,1
NVNIW,1,1
NVNO,1,1
NVO,1,1
NVR,1,1
NVRI,1,1
NVS,1,1
NVST,1,1
NVT,1,1
NVTS,1,1
NVVE,1,1
NVVEW,1,1
NVX,1,1
NWBI,1,1
NWE,1,1
NWFL,1,1
NWG,1,1
NWGL,1,1
NWL,1,1
NWN,1,1
NWPX,1,1
NWS,1,1
NWSA,1,1
NWTG,1,1
NWTN,1,1
NWTNW,1,1
NX,1,1
NXC,1,1
NXDR,1,1
NXDT,1,1
NXDT^A,1,1
NXE,1,1
NXG,1,1
NXGL,1,1
NXGLW,1,1
NXJ,1,1
NXL,1,1
NXLIW,1,1
NXN,1,1
NXP,1,1
NXPI,1,1
NXPL,1,1
NXPLW,1,1
NXRT,1,1
NXST,1,1
NXT,1,1
NXTC,1,1
NXTT,1,1
NXXT,1,1
NYAX,1,1
NYC,1,1
NYMT,1,1
NYMTG,1,1
NYMTH,1,1
NYMTI,1,1
NYMTL,1,1
NYMTM,1,1
NYMTN,1,1
NYMTZ,1,1
NYT,1,1
NYXH,1,1
NZF,1,1
O,1,1
OABI,1,1
OABIW,1,1
OACC,1,1
OACCW,1,1
OAK^A,1,1
OAK^B,1,1
OAKU,1,1
OAKUR,1,1
OAKUW,1,1
OBAWU,1,1
OBDC,1,1
OBE,1,1
OBIO,1,1
OBK,1,1
OBLG,1,1
OBT,1,1
OC,1,1
OCC,1,1
OCCI,1,1
OCCIM,1,1
OCCIN,1,1
OCCIO,1,1
OCFC,1,1
OCFT,1,1
OCG,1,1
OCGN,1,1
OCS,1,1
OCSAW,1,1
OCSL,1,1
OCTO,1,1
OCUL,1,1
ODC,1,1
ODD,1,1
ODFL,1,1
ODP,1,1
ODV,1,1
ODVWZ,1,1
ODYS,1,1
OEC,1,1
OESX,1,1
OFAL,1,1
OFG,1,1
OFIX,1,1
OFLX,1,1
OFS,1,1
OFSSH,1,1
OGE,1,1
OGEN,1,1
OGI,1,1
OGN,1,1
OGS,1,1
OHI,1,1
OI,1,1
OIA,1,1
OII,1,1
OIS,1,1
OKE,1,1
OKLO,1,1
OKTA,1,1
OKUR,1,1
OKYO,1,1
OLB,1,1
OLED,1,1
OLLI,1,1
OLMA,1,1
OLN,1,1
OLO,1,1
OLP,1,1
OLPX,1,1
OM,1,1
OMAB,1,1
OMC,1,1
OMCC,1,1
OMCL,1,1
OMDA,1,1
OMER,1,1
OMEX,1,1
OMF,1,1
OMH,1,1
OMI,1,1
OMSE,1,1
ON,1,1
ONB,1,1
ONBPO,1,1
ONBPP,1,1
ONC,1,1
ONCHU,1,1
ONCO,1,1
ONCY,1,1
ONDS,1,1
ONEG,1,1
ONEW,1,1
ONFO,1,1
ONFOW,1,1
ONIT,1,1
ONL,1,1
ONMD,1,1
ONMDW,1,1
ONON,1,1
ONTF,1,1
ONTO,1,1
OOMA,1,1
OP,1,1
OPAD,1,1
OPAL,1,1
OPBK,1,1
OPCH,1,1
OPEN,1,1
OPFI,1,1
OPHC,1,1
OPI,1,1
OPINL,1,1
OPK,1,1
OPOF,1,1
OPP,1,1
OPP^A,1,1
OPP^B,1,1
OPP^C,1,1
OPRA,1,1
OPRT,1,1
OPRX,1,1
OPTT,1,1
OPTX,1,1
OPTXW,1,1
OPXS,1,1
OPY,1,1
OR,1,1
ORA,1,1
ORC,1,1
ORCL,1,1
ORGN,1,1
ORGNW,1,1
ORGO,1,1
ORI,1,1
ORIC,1,1
ORIQU,1,1
ORIS,1,1
ORKA,1,1
ORKT,1,1
ORLA,1,1
ORLY,1,1
ORMP,1,1
ORN,1,1
ORRF,1,1
OS,1,1
OSBC,1,1
OSCR,1,1
OSIS,1,1
OSK,1,1
OSPN,1,1
OSRH,1,1
OSRHW,1,1
OSS,1,1
OST,1,1
OSTX,1,1
OSUR,1,1
OSW,1,1
OTEX,1,1
OTF,1,1
OTIS,1,1
OTLK,1,1
OTLY,1,1
OTRK,1,1
OTTR,1,1
OUST,1,1
OUSTW,1,1
OUSTZ,1,1
OUT,1,1
OVBC,1,1
OVID,1,1
OVLY,1,1
OVV,1,1
OWL,1,1
OWLT,1,1
OXBR,1,1
OXBRW,1,1
OXLC,1,1
OXLCG,1,1
OXLCI,1,1
OXLCL,1,1
OXLCN,1,1
OXLCO,1,1
OXLCP,1,1
OXLCZ,1,1
OXM,1,1
OXSQ,1,1
OXSQG,1,1
OXSQZ,1,1
OXY,1,1
OYSE,1,1
OYSER,1,1
OYSEU,1,1
OZ,1,1
OZK,1,1
OZKAP,1,1
PAA,1,1
PAAS,1,1
PAC,1,1
PACB,1,1
PACHU,1,1
PACK,1,1
PACS,1,1
PAG,1,1
PAGP,1,1
PAGS,1,1
PAHC,1,1
PAI,1,1
PAL,1,1
PALI,1,1
PAM,1,1
PAMT,1,1
PANL,1,1
PANW,1,1
PAPL,1,1
PAR,1,1
PARA,1,1
PARAA,1,1
PARR,1,1
PASG,1,1
PATH,1,1
PATK,1,1
PAVM,1,1
PAVS,1,1
PAX,1,1
PAXS,1,1
PAY,1,1
PAYC,1,1
PAYO,1,1
PAYS,1,1
PAYX,1,1
PB,1,1
PBA,1,1
PBBK,1,1
PBF,1,1
PBFS,1,1
PBH,1,1
PBHC,1,1
PBI,1,1
PBI^B,1,1
PBM,1,1
PBMWW,1,1
PBPB,1,1
PBR,1,1
PBT,1,1
PBYI,1,1
PC,1,1
PCAP,1,1
PCAPU,1,1
PCAPW,1,1
PCAR,1,1
PCB,1,1
PCF,1,1
PCG,1,1
PCG^A,1,1
PCG^B,1,1
PCG^C,1,1
PCG^D,1,1
PCG^E,1,1
PCG^G,1,1
PCG^H,1,1
PCG^I,1,1
PCG^X,1,1
PCH,1,1
PCK,1,1
PCLA,1,1
PCM,1,1
PCN,1,1
PCOR,1,1
PCQ,1,1
PCRX,1,1
PCSA,1,1
PCSC,1,1
PCT,1,1
PCTTU,1,1
PCTTW,1,1
PCTY,1,1
PCVX,1,1
PCYO,1,1
PD,1,1
PDCC,1,1
PDD,1,1
PDEX,1,1
PDFS,1,1
PDI,1,1
PDLB,1,1
PDM,1,1
PDO,1,1
PDPA,1,1
PDS,1,1
PDSB,1,1
PDT,1,1
PDX,1,1
PDYN,1,1
PDYNW,1,1
PEB,1,1
PEB^E,1,1
PEB^F,1,1
PEB^G,1,1
PEB^H,1,1
PEBK,1,1
PEBO,1,1
PECO,1,1
PED,1,1
PEG,1,1
PEGA,1,1
PELI,1,1
PELIR,1,1
PEN,1,1
PENG,1,1
PENN,1,1
PEO,1,1
PEP,1,1
PEPG,1,1
PERF,1,1
PERI,1,1
PESI,1,1
PET,1,1
PETS,1,1
PETWW,1,1
PETZ,1,1
PEW,1,1
PFAI,1,1
PFBC,1,1
PFD,1,1
PFE,1,1
PFG,1,1
PFGC,1,1
PFH,1,1
PFIS,1,1
PFL,1,1
PFLT,1,1
PFN,1,1
PFO,1,1
PFS,1,1
PFSA,1,1
PFSI,1,1
PFX,1,1
PFXNZ,1,1
PG,1,1
PGC,1,1
PGEN,1,1
PGNY,1,1
PGP,1,1
PGR,1,1
PGRE,1,1
PGY,1,1
PGYWW,1,1
PGZ,1,1
PH,1,1
PHAR,1,1
PHAT,1,1
PHD,1,1
PHG,1,1
PHGE,1,1
PHH,1,1
PHI,1,1
PHIN,1,1
PHIO,1,1
PHK,1,1
PHLT,1,1
PHM,1,1
PHOE,1,1
PHR,1,1
PHT,1,1
PHUN,1,1
PHVS,1,1
PI,1,1
PII,1,1
PIII,1,1
PIIIW,1,1
PIM,1,1
PINC,1,1
PINE,1,1
PINS,1,1
PIPR,1,1
PJT,1,1
PK,1,1
PKBK,1,1
PKE,1,1
PKG,1,1
PKOH,1,1
PKST,1,1
PKX,1,1
PL,1,1
PLAB,1,1
PLAG,1,1
PLAY,1,1
PLBC,1,1
PLBY,1,1
PLCE,1,1
PLD,1,1
PLG,1,1
PLL,1,1
PLMK,1,1
PLMKW,1,1
PLMR,1,1
PLNT,1,1
PLOW,1,1
PLPC,1,1
PLRX,1,1
PLRZ,1,1
PLSE,1,1
PLTK,1,1
PLTR,1,1
PLUG,1,1
PLUR,1,1
PLUS,1,1
PLUT,1,1
PLX,1,1
PLXS,1,1
PLYM,1,1
PM,1,1
PMAX,1,1
PMCB,1,1
PMEC,1,1
PMF,1,1
PML,1,1
PMM,1,1
PMN,1,1
PMNT,1,1
PMO,1,1
PMT,1,1
PMT^A,1,1
PMT^B,1,1
PMT^C,1,1
PMTR,1,1
PMTRU,1,1
PMTRW,1,1
PMTS,1,1
PMTU,1,1
PMTV,1,1
PMTW,1,1
PMVP,1,1
PMX,1,1
PN,1,1
PNBK,1,1
PNC,1,1
PNF,1,1
PNFP,1,1
PNFPP,1,1
PNI,1,1
PNNT,1,1
PNR,1,1
PNRG,1,1
PNTG,1,1
PNW,1,1
POAI,1,1
POCI,1,1
PODC,1,1
PODD,1,1
POET,1,1
POLA,1,1
POLE,1,1
POLEW,1,1
PONY,1,1
POOL,1,1
POR,1,1
POST,1,1
POWI,1,1
POWL,1,1
POWW,1,1
POWWP,1,1
PPBI,1,1
PPBT,1,1
PPC,1,1
PPG,1,1
PPIH,1,1
PPL,1,1
PPSI,1,1
PPT,1,1
PPTA,1,1
PR,1,1
PRA,1,1
PRAA,1,1
PRAX,1,1
PRCH,1,1
PRCT,1,1
PRDO,1,1
PRE,1,1
PRENW,1,1
PRFX,1,1
PRG,1,1
PRGO,1,1
PRGS,1,1
PRH,1,1
PRI,1,1
PRIF^D,1,1
PRIF^J,1,1
PRIF^K,1,1
PRIF^L,1,1
PRIM,1,1
PRK,1,1
PRKS,1,1
PRLB,1,1
PRLD,1,1
PRM,1,1
PRMB,1,1
PRME,1,1
PRO,1,1
PROF,1,1
PROK,1,1
PROP,1,1
PROV,1,1
PRPH,1,1
PRPL,1,1
PRPO,1,1
PRQR,1,1
PRS,1,1
PRSO,1,1
PRSU,1,1
PRT,1,1
PRTA,1,1
PRTC,1,1
PRTG,1,1
PRTH,1,1
PRTS,1,1
PRU,1,1
PRVA,1,1
PRZO,1,1
PSA,1,1
PSA^F,1,1
PSA^G,1,1
PSA^H,1,1
PSA^I,1,1
PSA^J,1,1
PSA^K,1,1
PSA^L,1,1
PSA^M,1,1
PSA^N,1,1
PSA^O,1,1
PSA^P,1,1
PSA^Q,1,1
PSA^R,1,1
PSA^S,1,1
PSBD,1,1
PSEC,1,1
PSEC^A,1,1
PSF,1,1
PSFE,1,1
PSHG,1,1
PSIG,1,1
PSIX,1,1
PSMT,1,1
PSN,1,1
PSNL,1,1
PSNY,1,1
PSNYW,1,1
PSO,1,1
PSQH,1,1
PSTG,1,1
PSTL,1,1
PSTV,1,1
PSX,1,1
PT,1,1
PTA,1,1
PTC,1,1
PTCT,1,1
PTEN,1,1
PTGX,1,1
PTHL,1,1
PTHS,1,1
PTIX,1,1
PTIXW,1,1
PTLE,1,1
PTLO,1,1
PTMN,1,1
PTNM,1,1
PTON,1,1
PTY,1,1
PUBM,1,1
PUK,1,1
PULM,1,1
PUMP,1,1
PVBC,1,1
PVH,1,1
PVL,1,1
PVLA,1,1
PW,1,1
PW^A,1,1
PWM,1,1
PWOD,1,1
PWP,1,1
PWR,1,1
PX,1,1
PXLW,1,1
PXS,1,1
PXSAW,1,1
PYN,1,1
PYPD,1,1
PYPL,1,1
PYXS,1,1
PZC,1,1
PZG,1,1
PZZA,1,1
QBTS,1,1
QCOM,1,1
QCRH,1,1
QD,1,1
QDEL,1,1
QETA,1,1
QFIN,1,1
QGEN,1,1
QH,1,1
QIPT,1,1
QLGN,1,1
QLYS,1,1
QMCO,1,1
QMMM,1,1
QNCX,1,1
QNRX,1,1
QNST,1,1
QNTM,1,1
QQQX,1,1
QRHC,1,1
QRVO,1,1
QS,1,1
QSEA,1,1
QSEAR,1,1
QSG,1,1
QSI,1,1
QSIAW,1,1
QSR,1,1
QTRX,1,1
QTTB,1,1
QTWO,1,1
QUAD,1,1
QUBT,1,1
QUIK,1,1
QURE,1,1
QVCC,1,1
QVCD,1,1
QVCGA,1,1
QVCGP,1,1
QXO,1,1
QXO^B,1,1
R,1,1
RA,1,1
RAAQ,1,1
RAAQU,1,1
RAAQW,1,1
RAC,1,1
RAC/WS,1,1
RACE,1,1
RADX,1,1
RAIL,1,1
RAIN,1,1
RAINW,1,1
RAL,1,1
RAMP,1,1
RAND,1,1
RANG,1,1
RANGR,1,1
RANI,1,1
RAPP,1,1
RAPT,1,1
RARE,1,1
RAVE,1,1
RAY,1,1
RAYA,1,1
RBA,1,1
RBB,1,1
RBBN,1,1
RBC,1,1
RBCAA,1,1
RBKB,1,1
RBLX,1,1
RBNE,1,1
RBOT,1,1
RBRK,1,1
RC,1,1
RC^C,1,1
RC^E,1,1
RCAT,1,1
RCB,1,1
RCC,1,1
RCD,1,1
RCEL,1,1
RCG,1,1
RCI,1,1
RCKT,1,1
RCKTW,1,1
RCKY,1,1
RCL,1,1
RCMT,1,1
RCON,1,1
RCS,1,1
RCT,1,1
RCUS,1,1
RDAC,1,1
RDAG,1,1
RDAGU,1,1
RDAGW,1,1
RDCM,1,1
RDDT,1,1
RDGT,1,1
RDHL,1,1
RDI,1,1
RDIB,1,1
RDN,1,1
RDNT,1,1
RDVT,1,1
RDW,1,1
RDWR,1,1
RDY,1,1
RDZN,1,1
RDZNW,1,1
REAL,1,1
REAX,1,1
REBN,1,1
RECT,1,1
REE,1,1
REFI,1,1
REFR,1,1
REG,1,1
REGCO,1,1
REGCP,1,1
REGN,1,1
REI,1,1
REKR,1,1
RELI,1,1
RELIW,1,1
RELL,1,1
RELX,1,1
RELY,1,1
RENB,1,1
RENT,1,1
REPL,1,1
REPX,1,1
RERE,1,1
RES,1,1
RETO,1,1
REVB,1,1
REVBW,1,1
REVG,1,1
REX,1,1
REXR,1,1
REXR^B,1,1
REXR^C,1,1
REYN,1,1
REZI,1,1
RF,1,1
RF^C,1,1
RF^E,1,1
RF^F,1,1
RFAI,1,1
RFAIR,1,1
RFI,1,1
RFIL,1,1
RFL,1,1
RFM,1,1
RFMZ,1,1
RGA,1,1
RGC,1,1
RGCO,1,1
RGEN,1,1
RGLD,1,1
RGNX,1,1
RGP,1,1
RGR,1,1
RGS,1,1
RGT,1,1
RGTI,1,1
RGTIW,1,1
RH,1,1
RHI,1,1
RHLD,1,1
RHP,1,1
RIBB,1,1
RIBBR,1,1
RICK,1,1
RIG,1,1
RIGL,1,1
RILY,1,1
RILYG,1,1
RILYK,1,1
RILYL,1,1
RILYN,1,1
RILYP,1,1
RILYT,1,1
RILYZ,1,1
RIME,1,1
RIO,1,1
RIOT,1,1
RITM,1,1
RITM^A,1,1
RITM^B,1,1
RITM^C,1,1
RITM^D,1,1
RITR,1,1
RIV,1,1
RIV^A,1,1
RIVN,1,1
RJF,1,1
RJF^B,1,1
RKDA,1,1
RKLB,1,1
RKT,10,0
RL,1,1
RLAY,1,1
RLGT,1,1
RLI,1,1
RLJ,1,1
RLJ^A,1,1
RLMD,1,1
RLTY,1,1
RLX,1,1
RLYB,1,1
RM,1,1
RMAX,1,1
RMBI,1,1
RMBL,1,1
RMBS,1,1
RMCF,1,1
RMCO,1,1
RMCOW,1,1
RMD,1,1
RMI,1,1
RMM,1,1
RMMZ,1,1
RMNI,1,1
RMR,1,1
RMSG,1,1
RMSGW,1,1
RMT,1,1
RMTI,1,1
RNA,1,1
RNAC,1,1
RNAZ,1,1
RNG,1,1
RNGR,1,1
RNP,1,1
RNR,1,1
RNR^F,1,1
RNR^G,1,1
RNST,1,1
RNTX,1,1
RNW,1,1
RNWWW,1,1
RNXT,1,1
ROAD,1,1
ROCK,1,1
ROG,1,1
ROIV,1,1
ROK,1,1
ROKU,1,1
ROL,1,1
ROLR,1,1
ROMA,1,1
ROOT,1,1
ROP,1,1
ROST,1,1
RPAY,1,1
RPD,1,1
RPID,1,1
RPM,1,1
RPRX,1,1
RPT,1,1
RPT^C,1,1
RPTX,1,1
RQI,1,1
RR,1,1
RRBI,1,1
RRC,1,1
RRGB,1,1
RRR,1,1
RRX,1,1
RS,1,1
RSF,1,1
RSG,1,1
RSI,1,1
RSKD,1,1
RSLS,1,1
RSSS,1,1
RSVR,1,1
RSVRW,1,1
RTAC,1,1
RTACU,1,1
RTACW,1,1
RTO,1,1
RTX,1,1
RUM,1,1
RUMBW,1,1
RUN,1,1
RUSHA,1,1
RUSHB,1,1
RVLV,1,1
RVMD,1,1
RVMDW,1,1
RVP,1,1
RVPH,1,1
RVPHW,1,1
RVSB,1,1
RVSN,1,1
RVSNW,1,1
RVT,1,1
RVTY,1,1
RVYL,1,1
RWAY,1,1
RWAYL,1,1
RWAYZ,1,1
RWT,1,1
RWT^A,1,1
RWTN,1,1
RWTO,1,1
RWTP,1,1
RXO,1,1
RXRX,1,1
RXST,1,1
RXT,1,1
RY,1,1
RYAAY,1,1
RYAM,1,1
RYAN,1,1
RYDE,1,1
RYET,1,1
RYI,1,1
RYN,1,1
RYTM,1,1
RZB,1,1
RZC,1,1
RZLT,1,1
RZLV,1,1
RZLVW,1,1
S,1,1
SA,1,1
SABA,1,1
SABR,1,1
SABS,1,1
SABSW,1,1
SACH,1,1
SACH^A,1,1
SAFE,1,1
SAFT,1,1
SAFX,1,1
SAGE,1,1
SAGT,1,1
SAH,1,1
SAIA,1,1
SAIC,1,1
SAIH,1,1
SAIHW,1,1
SAIL,1,1
SAJ,1,1
SAM,1,1
SAMG,1,1
SAN,1,1
SANA,1,1
SAND          ,1,1
SANG,1,1
SANM,1,1
SANW,1,1
SAP,1,1
SAR,1,1
SARO,1,1
SAT,1,1
SATL,1,1
SATLW,1,1
SATS,1,1
SAVA,1,1
SAY,1,1
SAZ,1,1
SB,1,1
SB^C,1,1
SB^D,1,1
SBAC,1,1
SBC,1,1
SBCF,1,1
SBCWW,1,1
SBET,1,1
SBEV,1,1
SBFG,1,1
SBFM,1,1
SBFMW,1,1
SBGI,1,1
SBH,1,1
SBI,1,1
SBLK,1,1
SBR,1,1
SBRA,1,1
SBS,1,1
SBSI,1,1
SBSW,1,1
SBUX,1,1
SBXD,1,1
SCAG,1,1
SCAGW,1,1
SCCC,1,1
SCCD,1,1
SCCE,1,1
SCCF,1,1
SCCG,1,1
SCCO,1,1
SCD,1,1
SCE^G,1,1
SCE^J,1,1
SCE^K,1,1
SCE^L,1,1
SCE^M,1,1
SCE^N,1,1
SCHL,1,1
SCHW,1,1
SCHW^D,1,1
SCHW^J,1,1
SCI,1,1
SCKT,1,1
SCL,1,1
SCLX,1,1
SCLXW,1,1
SCM,1,1
SCNI,1,1
SCNX,1,1
SCOR,1,1
SCPH,1,1
SCS,1,1
SCSC,1,1
SCVL,1,1
SCWO,1,1
SCYX,1,1
SD,1,1
SDA,1,1
SDAWW,1,1
SDGR,1,1
SDHC,1,1
SDHI,1,1
SDHIR,1,1
SDHIU,1,1
SDHY,1,1
SDM,1,1
SDOT,1,1
SDRL,1,1
SDST,1,1
SDSTW,1,1
SE,1,1
SEAL^A,1,1
SEAL^B,1,1
SEAT,1,1
SEATW,1,1
SEB,1,1
SEDG,1,1
SEE,1,1
SEED,1,1
SEER,1,1
SEG,1,1
SEGG,1,1
SEI,1,1
SEIC,1,1
SELF,1,1
SELX,1,1
SEM,1,1
SEMR,1,1
SENEA,1,1
SENEB,1,1
SENS,1,1
SEPN,1,1
SER,1,1
SERA,1,1
SERV,1,1
SES,1,1
SEVN,1,1
SEZL,1,1
SF,1,1
SF^B,1,1
SF^C,1,1
SF^D,1,1
SFB,1,1
SFBC,1,1
SFBS,1,1
SFD,1,1
SFHG,1,1
SFIX,1,1
SFL,1,1
SFM,1,1
SFNC,1,1
SFST,1,1
SFWL,1,1
SG,1,1
SGA,1,1
SGBX,1,1
SGC,1,1
SGD,1,1
SGHC,1,1
SGHT,1,1
SGI,1,1
SGLY,1,1
SGMA,1,1
SGML,1,1
SGMO,1,1
SGMT,1,1
SGN,1,1
SGRP,1,1
SGRY,1,1
SGU,1,1
SHAK,1,1
SHBI,1,1
SHC,1,1
SHCO,1,1
SHEL,1,1
SHEN,1,1
SHFS,1,1
SHFSW,1,1
SHG,1,1
SHIM,1,1
SHIP,1,1
SHLS,1,1
SHMD,1,1
SHMDW,1,1
SHO,1,1
SHO^H,1,1
SHO^I,1,1
SHOO,1,1
SHOP,1,1
SHOT,1,1
SHOTW,1,1
SHPH,1,1
SHW,1,1
SIBN,1,1
SID,1,1
SIDU,1,1
SIEB,1,1
SIF,1,1
SIFY,1,1
SIG,1,1
SIGA,1,1
SIGI,1,1
SIGIP,1,1
SII,1,1
SILA,1,1
SILC,1,1
SILO,1,1
SIM,1,1
SIMA,1,1
SIMAW,1,1
SIMO,1,1
SINT,1,1
SION,1,1
SIRI,1,1
SISI,1,1
SITC,1,1
SITE,1,1
SITM,1,1
SJ,1,1
SJM,1,1
SJT,1,1
SKBL,1,1
SKE,1,1
SKIL,1,1
SKIN,1,1
SKK,1,1
SKLZ,1,1
SKM,1,1
SKT,1,1
SKWD,1,1
SKX,1,1
SKY,1,1
SKYE,1,1
SKYH,1,1
SKYQ,1,1
SKYT,1,1
SKYW,1,1
SKYX,1,1
SLAB,1,1
SLB,1,1
SLDB,1,1
SLDE,1,1
SLDP,1,1
SLDPW,1,1
SLE,1,1
SLF,1,1
SLG,1,1
SLG^I,1,1
SLGL,1,1
SLGN,1,1
SLI,1,1
SLM,1,1
SLMBP,1,1
SLN,1,1
SLND,1,1
SLNG,1,1
SLNH,1,1
SLNHP,1,1
SLNO,1,1
SLP,1,1
SLQT,1,1
SLRC,1,1
SLRX,1,1
SLS,1,1
SLSN,1,1
SLSR,1,1
SLVM,1,1
SLXN,1,1
SLXNW,1,1
SM,1,1
SMA,1,1
SMBC,1,1
SMBK,1,1
SMC,1,1
SMCI,1,1
SMFG,1,1
SMG,1,1
SMHI,1,1
SMID,1,1
SMP,1,1
SMPL,1,1
SMR,1,1
SMRT,1,1
SMSI,1,1
SMTC,1,1
SMTI,1,1
SMTK,1,1
SMWB,1,1
SMX,1,1
SMXT,1,1
SMXWW,1,1
SN,1,1
SNA,1,1
SNAL,1,1
SNAP,1,1
SNBR,1,1
SNCR,1,1
SNCY,1,1
SND,1,1
SNDA,1,1
SNDK,1,1
SNDL,1,1
SNDR,1,1
SNDX,1,1
SNES,1,1
SNEX,1,1
SNFCA,1,1
SNGX,1,1
SNN,1,1
SNOA,1,1
SNOW,1,1
SNPS,1,1
SNRE,1,1
SNSE,1,1
SNT,1,1
SNTG,1,1
SNTI,1,1
SNV,1,1
SNV^D,1,1
SNV^E,1,1
SNWV,1,1
SNX,1,1
SNY,1,1
SNYR,1,1
SO,1,1
SOAR,1,1
SOBO,1,1
SOBR,1,1
SOC,1,1
SOCAU,1,1
SOFI,1,1
SOGP,1,1
SOHO,1,1
SOHOB,1,1
SOHON,1,1
SOHOO,1,1
SOHU,1,1
SOJC,1,1
SOJD,1,1
SOJE,1,1
SOJF,1,1
SOL,1,1
SOLV,1,1
SON,1,1
SOND,1,1
SONDW,1,1
SONM,1,1
SONN,1,1
SONO,1,1
SONY,1,1
SOPA,1,1
SOPH,1,1
SOR,1,1
SORA,1,1
SOS,1,1
SOTK,1,1
SOUL,1,1
SOUN,1,1
SOUNW,1,1
SOWG,1,1
SPAI,1,1
SPB,1,1
SPCB,1,1
SPCE,1,1
SPE,1,1
SPE^C,1,1
SPEGU,1,1
SPFI,1,1
SPG,1,1
SPG^J,1,1
SPGI,1,1
SPH,1,1
SPHL,1,1
SPHR,1,1
SPIR,1,1
SPKL,1,1
SPKLW,1,1
SPMA,1,1
SPMC,1,1
SPME,1,1
SPNS,1,1
SPNT,1,1
SPNT^B,1,1
SPOK,1,1
SPOT,1,1
SPPL,1,1
SPR,1,1
SPRC,1,1
SPRO,1,1
SPRU,1,1
SPRY,1,1
SPSC,1,1
SPT,1,1
SPTN,1,1
SPWH,1,1
SPWR,1,1
SPWRW,1,1
SPXC,1,1
SPXX,1,1
SQFT,1,1
SQFTP,1,1
SQFTW,1,1
SQM,1,1
SQNS,1,1
SR,1,1
SR^A,1,1
SRAD,1,1
SRBK,1,1
SRCE,1,1
SRDX,1,1
SRE,1,1
SREA,1,1
SRFM,1,1
SRG,1,1
SRG^A,1,1
SRI,1,1
SRL,1,1
SRPT,1,1
SRRK,1,1
SRTS,1,1
SRV,1,1
SRXH,1,1
SRZN,1,1
SRZNW,1,1
SSB,1,1
SSBI,1,1
SSD,1,1
SSII,1,1
SSKN,1,1
SSL,1,1
SSNC,1,1
SSP,1,1
SSRM,1,1
SSSS,1,1
SSSSL,1,1
SST,1,1
SSTI,1,1
SSTK,1,1
SSY,1,1
SSYS,1,1
ST,1,1
STAA,1,1
STAG,1,1
STAI,1,1
STAK,1,1
STBA,1,1
STC,1,1
STE,1,1
STEC,1,1
STEL,1,1
STEM,1,1
STEP,1,1
STEW,1,1
STFS,1,1
STG,1,1
STGW,1,1
STHO,1,1
STI,1,1
STIM,1,1
STK,1,1
STKH,1,1
STKL,1,1
STKS,1,1
STLA,1,1
STLD,1,1
STM,1,1
STN,1,1
STNE,1,1
STNG,1,1
STOK,1,1
STR,1,1
STRA,1,1
STRD,1,1
STRF,1,1
STRK,1,1
STRL,1,1
STRM,1,1
STRO,1,1
STRR,1,1
STRRP,1,1
STRS,1,1
STRT,1,1
STRW,1,1
STRZ,1,1
STSS,1,1
STSSW,1,1
STT,1,1
STT^G,1,1
STTK,1,1
STVN,1,1
STWD,1,1
STX,1,1
STXS,1,1
STZ,1,1
SU,1,1
SUGP,1,1
SUI,1,1
SUN,1,1
SUNE,1,1
SUNS,1,1
SUPN,1,1
SUPV,1,1
SUPX,1,1
SURG,1,1
SUUN,1,1
SUZ,1,1
SVC,1,1
SVCC,1,1
SVCCW,1,1
SVCO,1,1
SVII,1,1
SVIIR,1,1
SVIIU,1,1
SVIIW,1,1
SVM,1,1
SVRA,1,1
SVRE,1,1
SVV,1,1
SW,1,1
SWAG,1,1
SWAGW,1,1
SWBI,1,1
SWIM,1,1
SWIN,1,1
SWK,1,1
SWKH,1,1
SWKHL,1,1
SWKS,1,1
SWVL,1,1
SWVLW,1,1
SWX,1,1
SWZ,1,1
SXC,1,1
SXI,1,1
SXT,1,1
SXTC,1,1
SXTP,1,1
SXTPW,1,1
SY,1,1
SYBT,1,1
SYBX,1,1
SYF,1,1
SYF^A,1,1
SYF^B,1,1
SYK,1,1
SYM,1,1
SYNA,1,1
SYNX,1,1
SYPR,1,1
SYRE,1,1
SYTA,1,1
SYTAW,1,1
SYY,1,1
SZZL,1,1
SZZLR,1,1
SZZLU,1,1
T,1,1
T^A,1,1
T^C,1,1
TAC,1,1
TACH,1,1
TACHU,1,1
TACHW,1,1
TACO,1,1
TACOU,1,1
TACOW,1,1
TACT,1,1
TAIT,1,1
TAK,1,1
TAL,1,1
TALK,1,1
TALKW,1,1
TALO,1,1
TANH,1,1
TAOP,1,1
TAOX,1,1
TAP,1,1
TARA,1,1
TARS,1,1
TASK,1,1
TATT,1,1
TAVI,1,1
TAVIR,1,1
TAYD,1,1
TBB,1,1
TBBB,1,1
TBBK,1,1
TBCH,1,1
TBH,1,1
TBI,1,1
TBLA,1,1
TBLAW,1,1
TBLD,1,1
TBMC,1,1
TBMCR,1,1
TBN,1,1
TBPH,1,1
TBRG,1,1
TC,1,1
TCBI,1,1
TCBIO,1,1
TCBK,1,1
TCBS,1,1
TCBX,1,1
TCI,1,1
TCMD,1,1
TCOM,1,1
TCPC,1,1
TCRT,1,1
TCRX,1,1
TCX,1,1
TD,1,1
TDAC,1,1
TDACW,1,1
TDC,1,1
TDF,1,1
TDG,1,1
TDOC,1,1
TDS,1,1
TDS^U,1,1
TDS^V,1,1
TDTH,1,1
TDUP,1,1
TDW,1,1
TDY,1,1
TE,1,1
TEAD,1,1
TEAF,1,1
TEAM,1,1
TECH,1,1
TECK,1,1
TECTP,1,1
TECX,1,1
TEF,1,1
TEI,1,1
TEL,1,1
TELA,1,1
TELO,1,1
TEM,1,1
TEN,1,1
TEN^E,1,1
TEN^F,1,1
TENB,1,1
TENX,1,1
TEO,1,1
TER,1,1
TERN,1,1
TEVA,1,1
TEX,1,1
TFC,1,1
TFC^I,1,1
TFC^O,1,1
TFC^R,1,1
TFII,1,1
TFIN,1,1
TFINP,1,1
TFPM,1,1
TFSA,1,1
TFSL,1,1
TFX,1,1
TG,1,1
TGB,1,1
TGE,1,1
TGEN,1,1
TGI,1,1
TGL,1,1
TGLS,1,1
TGNA,1,1
TGS,1,1
TGT,1,1
TGTX,1,1
TH,1,1
THAR,1,1
THC,1,1
THCH,1,1
THFF,1,1
THG,1,1
THM,1,1
THO,1,1
THQ,1,1
THR,1,1
THRD,1,1
THRM,1,1
THRY,1,1
THS,1,1
THTX,1,1
THW,1,1
TIC,1,1
TIGO,1,1
TIGR,1,1
TIL,1,1
TILE,1,1
TIMB,1,1
TIPT,1,1
TIRX,1,1
TISI,1,1
TITN,1,1
TIVC,1,1
TIXT,1,1
TJX,1,1
TK,1,1
TKC,1,1
TKLF,1,1
TKNO,1,1
TKO,1,1
TKR,1,1
TLF,1,1
TLIH,1,1
TLK,1,1
TLN,1,1
TLPH,1,1
TLRY,1,1
TLS,1,1
TLSA,1,1
TLSI,1,1
TLSIW,1,1
TLX,1,1
TLYS,1,1
TM,1,1
TMC,1,1
TMCI,1,1
TMCWW,1,1
TMDE,1,1
TMDX,1,1
TME,1,1
TMHC,1,1
TMO,1,1
TMP,1,1
TMQ,1,1
TMUS,1,1
TNC,1,1
TNDM,1,1
TNET,1,1
TNFA,1,1
TNGX,1,1
TNK,1,1
TNL,1,1
TNMG,1,1
TNON,1,1
TNONW,1,1
TNXP,1,1
TNYA,1,1
TOI,1,1
TOIIW,1,1
TOL,1,1
TOMZ,1,1
TOON,1,1
TOP,1,1
TOPP,1,1
TOPS,1,1
TORO,1,1
TOST,1,1
TOUR,1,1
TOVX,1,1
TOWN,1,1
TOYO,1,1
TPB,1,1
TPC,1,1
TPCS,1,1
TPET,1,1
TPG,1,1
TPGXL,1,1
TPH,1,1
TPIC,1,1
TPL,1,1
TPR,1,1
TPST,1,1
TPTA,1,1
TPVG,1,1
TR,1,1
TRAK,1,1
TRAW,1,1
TRC,1,1
TRDA,1,1
TREE,1,1
TREX,1,1
TRGP,1,1
TRI,1,1
TRIB,1,1
TRIN,1,1
TRINI,1,1
TRINZ,1,1
TRIP,1,1
TRMB,1,1
TRMD,1,1
TRMK,1,1
TRML,1,1
TRN,1,1
TRNO,1,1
TRNR,1,1
TRNS,1,1
TRON,1,1
TROO,1,1
TROW,1,1
TROX,1,1
TRP,1,1
TRS,1,1
TRSG,1,1
TRST,1,1
TRT,1,1
TRTN^A,1,1
TRTN^B,1,1
TRTN^C,1,1
TRTN^D,1,1
TRTN^E,1,1
TRTN^F,1,1
TRTX,1,1
TRTX^C,1,1
TRU,1,1
TRUE,1,1
TRUG,1,1
TRUP,1,1
TRV,1,1
TRVG,1,1
TRVI,1,1
TRX,1,1
TS,1,1
TSAT,1,1
TSBK,1,1
TSBX,1,1
TSCO,1,1
TSE,1,1
TSEM,1,1
TSHA,1,1
TSI,1,1
TSLA,1,1
TSLX,1,1
TSM,1,1
TSN,1,1
TSQ,1,1
TSSI,1,1
TT,1,1
TTAM,1,1
TTAN,1,1
TTC,1,1
TTD,1,1
TTE,1,1
TTEC,1,1
TTEK,1,1
TTGT,1,1
TTI,1,1
TTMI,1,1
TTNP,1,1
TTSH,1,1
TTWO,1,1
TU,1,1
TURB,1,1
TURN,1,1
TUSK,1,1
TUYA,1,1
TV,1,1
TVA,1,1
TVACW,1,1
TVAI,1,1
TVAIR,1,1
TVAIU,1,1
TVC,1,1
TVE,1,1
TVGN,1,1
TVGNW,1,1
TVRD,1,1
TVTX,1,1
TW,1,1
TWFG,1,1
TWG,1,1
TWI,1,1
TWIN,1,1
TWLO,1,1
TWN,1,1
TWNP,1,1
TWO,1,1
TWO^A,1,1
TWO^B,1,1
TWO^C,1,1
TWOD,1,1
TWST,1,1
TX,1,1
TXG,1,1
TXMD,1,1
TXN,1,1
TXNM,1,1
TXO,1,1
TXRH,1,1
TXT,1,1
TY,1,1
TY^,1,1
TYG,1,1
TYGO,1,1
TYL,1,1
TYRA,1,1
TZOO,1,1
TZUP,1,1
U,1,1
UA,1,1
UAA,1,1
UAL,1,1
UAMY,1,1
UAN,1,1
UAVS,1,1
UBCP,1,1
UBER,1,1
UBFO,1,1
UBS,1,1
UBSI,1,1
UBXG,1,1
UCAR,1,1
UCB,1,1
UCB^I,1,1
UCL,1,1
UCTT,1,1
UDMY,1,1
UDR,1,1
UE,1,1
UEC,1,1
UEIC,1,1
UFCS,1,1
UFG,1,1
UFI,1,1
UFPI,1,1
UFPT,1,1
UG,1,1
UGI,1,1
UGP,1,1
UGRO,1,1
UHAL,1,1
UHG,1,1
UHGWW,1,1
UHS,1,1
UHT,1,1
UI,1,1
UIS,1,1
UK,1,1
UKOMW,1,1
UL,1,1
ULBI,1,1
ULCC,1,1
ULH,1,1
ULS,1,1
ULTA,1,1
ULY,1,1
UMAC,1,1
UMBF,1,1
UMBFO,1,1
UMC,1,1
UMH,1,1
UMH^D,1,1
UNB,1,1
UNCY,1,1
UNF,1,1
UNFI,1,1
UNH,1,1
UNIT,1,1
UNM,1,1
UNMA,1,1
UNP,1,1
UNTY,1,1
UOKA,1,1
UONE,1,1
UONEK,1,1
UP,1,1
UPB,1,1
UPBD,1,1
UPC,1,1
UPLD,1,1
UPS,1,1
UPST,1,1
UPWK,1,1
UPXI,1,1
URBN,1,1
URG,1,1
URGN,1,1
URI,1,1
UROY,1,1
USA,1,1
USAC,1,1
USAR,1,1
USARW,1,1
USAS,1,1
USAU,1,1
USB,1,1
USB^A,1,1
USB^H,1,1
USB^P,1,1
USB^Q,1,1
USB^R,1,1
USB^S,1,1
USCB,1,1
USEA,1,1
USEG,1,1
USFD,1,1
USGO,1,1
USGOW,1,1
USIO,1,1
USLM,1,1
USM,1,1
USNA,1,1
USPH,1,1
UTF,1,1
UTG,1,1
UTHR,1,1
UTI,1,1
UTL,1,1
UTMD,1,1
UTSI,1,1
UTZ,1,1
UUU,1,1
UUUU,1,1
UVE,1,1
UVSP,1,1
UVV,1,1
UWMC,1,1
UXIN,1,1
UYSC,1,1
UYSCR,1,1
UYSCU,1,1
UZD,1,1
UZE,1,1
UZF,1,1
V,1,1
VABK,1,1
VAC,1,1
VACH,1,1
VAL,1,1
VALE,1,1
VALN,1,1
VALU,1,1
VANI,1,1
VAPE,1,1
VAPEW,1,1
VATE,1,1
VBF,1,1
VBIX,1,1
VBNK,1,1
VBTX,1,1
VC,1,1
VCEL,1,1
VCIC,1,1
VCICU,1,1
VCICW,1,1
VCIG,1,1
VCTR,1,1
VCV,1,1
VCYT,1,1
VECO,1,1
VEEA,1,1
VEEAW,1,1
VEEE,1,1
VEEV,1,1
VEL,1,1
VENU,1,1
VEON,1,1
VERA,1,1
VERB,1,1
VERI,1,1
VERO,1,1
VERU,1,1
VERV,1,1
VERX,1,1
VET,1,1
VFC,1,1
VFF,1,1
VFL,1,1
VFS,1,1
VFSWW,1,1
VG,1,1
VGAS,1,1
VGASW,1,1
VGI,1,1
VGM,1,1
VGZ,1,1
VHC,1,1
VHI,1,1
VIASP,1,1
VIAV,1,1
VICI,1,1
VICR,1,1
VIGL,1,1
VIK,1,1
VINP,1,1
VIOT,1,1
VIPS,1,1
VIR,1,1
VIRC,1,1
VIRT,1,1
VIST,1,1
VITL,1,1
VIV,1,1
VIVK,1,1
VIVS,1,1
VKI,1,1
VKQ,1,1
VKTX,1,1
VLCN,1,1
VLGEA,1,1
VLN,1,1
VLO,1,1
VLRS,1,1
VLT,1,1
VLTO,1,1
VLY,1,1
VLYPN,1,1
VLYPO,1,1
VLYPP,1,1
VMAR,1,1
VMC,1,1
VMD,1,1
VMEO,1,1
VMI,1,1
VMO,1,1
VNCE,1,1
VNDA,1,1
VNET,1,1
VNMEU,1,1
VNO,1,1
VNO^L,1,1
VNO^M,1,1
VNO^N,1,1
VNO^O,1,1
VNOM,1,1
VNRX,1,1
VNT,1,1
VNTG,1,1
VOC,1,1
VOD,1,1
VOR,1,1
VOXR,1,1
VOYA,1,1
VOYA^B,1,1
VOYG,1,1
VPG,1,1
VPV,1,1
VRA,1,1
VRAR,1,1
VRAX,1,1
VRCA,1,1
VRDN,1,1
VRE,1,1
VREX,1,1
VRM,1,1
VRME,1,1
VRNA,1,1
VRNS,1,1
VRNT,1,1
VRRM,1,1
VRSK,1,1
VRSN,1,1
VRT,1,1
VRTS,1,1
VRTX,1,1
VS,1,1
VSA,1,1
VSAT,1,1
VSCO,1,1
VSEC,1,1
VSEE,1,1
VSEEW,1,1
VSH,1,1
VSME,1,1
VSSYW,1,1
VST,1,1
VSTA,1,1
VSTM,1,1
VSTS,1,1
VTAK,1,1
VTEX,1,1
VTGN,1,1
VTLE,1,1
VTMX,1,1
VTN,1,1
VTOL,1,1
VTR,1,1
VTRS,1,1
VTS,1,1
VTSI,1,1
VTVT,1,1
VTYX,1,1
VUZI,1,1
VVOS,1,1
VVPR,1,1
VVR,1,1
VVV,1,1
VVX,1,1
VWAV,1,1
VWAVW,1,1
VYGR,1,1
VYNE,1,1
VYX,1,1
VZ,1,1
VZLA,1,1
W,1,1
WAB,1,1
WABC,1,1
WAFD,1,1
WAFDP,1,1
WAFU,1,1
WAI,1,1
WAL,1,1
WAL^A,1,1
WALD,1,1
WALDW,1,1
WASH,1,1
WAT,1,1
WATT,1,1
WAVE,1,1
WAY,1,1
WB,1,1
WBA,1,1
WBD,1,1
WBS,1,1
WBS^F,1,1
WBS^G,1,1
WBTN,1,1
WBUY,1,1
WBX,1,1
WCC,1,1
WCN,1,1
WCT,1,1
WD,1,1
WDAY,1,1
WDC,1,1
WDFC,1,1
WDH,1,1
WDI,1,1
WDS,1,1
WEA,1,1
WEAV,1,1
WEC,1,1
WELL,1,1
WEN,1,1
WENN,1,1
WENNU,1,1
WENNW,1,1
WERN,1,1
WES,1,1
WEST,1,1
WETH,1,1
WETO,1,1
WEX,1,1
WEYS,1,1
WF,1,1
WFC,1,1
WFC^A,1,1
WFC^C,1,1
WFC^D,1,1
WFC^L,1,1
WFC^Y,1,1
WFC^Z,1,1
WFCF,1,1
WFF,1,1
WFG,1,1
WFRD,1,1
WGO,1,1
WGRX,1,1
WGS,1,1
WGSWW,1,1
WH,1,1
WHD,1,1
WHF,1,1
WHFCL,1,1
WHG,1,1
WHLR,1,1
WHLRD,1,1
WHLRL,1,1
WHLRP,1,1
WHR,1,1
WHWK,1,1
WIA,1,1
WILC,1,1
WIMI,1,1
WINA,1,1
WING,1,1
WINT,1,1
WIT,1,1
WIW,1,1
WIX,1,1
WK,1,1
WKC,1,1
WKEY,1,1
WKHS,1,1
WKSP,1,1
WLAC,1,1
WLACW,1,1
WLDN,1,1
WLDS,1,1
WLDSW,1,1
WLFC,1,1
WLGS,1,1
WLK,1,1
WLKP,1,1
WLY,1,1
WLYB,1,1
WM,1,1
WMB,1,1
WMG,1,1
WMK,1,1
WMS,1,1
WMT,1,1
WNC,1,1
WNEB,1,1
WNS,1,1
WNW,1,1
WOK,1,1
WOLF,1,1
WOOF,1,1
WOR,1,1
WORX,1,1
WOW,1,1
WPC,1,1
WPM,1,1
WPP,1,1
WPRT,1,1
WRAP,1,1
WRB,1,1
WRB^E,1,1
WRB^F,1,1
WRB^G,1,1
WRB^H,1,1
WRBY,1,1
WRD,1,1
WRLD,1,1
WRN,1,1
WS,1,1
WSBC,1,1
WSBCP,1,1
WSBF,1,1
WSBK,1,1
WSC,1,1
WSFS,1,1
WSM,1,1
WSO,1,1
WSO/B,1,1
WSR,1,1
WST,1,1
WT,1,1
WTBA,1,1
WTF,1,1
WTFC,1,1
WTFCN,1,1
WTG,1,1
WTGUR,1,1
WTGUU,1,1
WTI,1,1
WTM,1,1
WTO,1,1
WTRG,1,1
WTS,1,1
WTTR,1,1
WTW,1,1
WU,1,1
WULF,1,1
WVE,1,1
WVVI,1,1
WVVIP,1,1
WW,1,1
WWD,1,1
WWR,1,1
WWW,1,1
WXM,1,1
WY,1,1
WYHG,1,1
WYNN,1,1
WYY,1,1
XAGE,1,1
XAGEW,1,1
XAIR,1,1
XBIO,1,1
XBIT,1,1
XBP,1,1
XBPEW,1,1
XCH,1,1
XCUR,1,1
XEL,1,1
XELB,1,1
XENE,1,1
XERS,1,1
XFLT,1,1
XFLT^A,1,1
XFOR,1,1
XGN,1,1
XHG,1,1
XHLD,1,1
XHR,1,1
XIFR,1,1
XIN,1,1
XLO,1,1
XMTR,1,1
XNCR,1,1
XNET,1,1
XOM,1,1
XOMA,1,1
XOMAO,1,1
XOMAP,1,1
XOS,1,1
XOSWW,1,1
XP,1,1
XPEL,1,1
XPER,1,1
XPEV,1,1
XPL,1,1
XPO,1,1
XPOF,1,1
XPON,1,1
XPRO,1,1
XRAY,1,1
XRTX,1,1
XRX,1,1
XTIA,1,1
XTKG,1,1
XTLB,1,1
XTNT,1,1
XWEL,1,1
XXII,1,1
XYF,1,1
XYL,1,1
XYLO,1,1
XYZ,1,1
YAAS,1,1
YALA,1,1
YB,1,1
YCBD,1,1
YELP,1,1
YETI,1,1
YEXT,1,1
YGMZ,1,1
YHC,1,1
YHGJ,1,1
YHNA,1,1
YHNAR,1,1
YI,1,1
YIBO,1,1
YJ,1,1
YMAB,1,1
YMM,1,1
YORKU,1,1
YORW,1,1
YOSH,1,1
YOU,1,1
YOUL,1,1
YPF,1,1
YQ,1,1
YRD,1,1
YSG,1,1
YSXT,1,1
YTRA,1,1
YUM,1,1
YUMC,1,1
YXT,1,1
YYAI,1,1
YYGH,1,1
Z,1,1
ZBAI,1,1
ZBAO,1,1
ZBH,1,1
ZBIO,1,1
ZBRA,1,1
ZCMD,1,1
ZD,1,1
ZDAI,1,1
ZDGE,1,1
ZENA,1,1
ZENV,1,1
ZEO,1,1
ZEOWW,1,1
ZEPP,1,1
ZETA,1,1
ZEUS,1,1
ZG,1,1
ZGN,1,1
ZH,1,1
ZIM,1,1
ZIMV,1,1
ZION,1,1
ZIONP,1,1
ZIP,1,1
ZJK,1,1
ZJYL,1,1
ZK,1,1
ZKH,1,1
ZKIN,1,1
ZLAB,1,1
ZM,1,1
ZNTL,1,1
ZONE,1,1
ZOOZ,1,1
ZOOZW,1,1
ZS,1,1
ZSPC,1,1
ZTEK,1,1
ZTO,1,1
ZTR,1,1
ZTS,1,1
ZUMZ,1,1
ZURA,1,1
ZVIA,1,1
ZVRA,1,1
ZWS,1,1
ZYBT,1,1
ZYME,1,1
ZYXI,1,1
