ticker,mentions,Upvotes,Total Comments,Change (1d),date
ABCL,1,12,13,0.0,2025-07-29
ADAP,1,1,2,0.0,2025-07-29
ADIL,2,54,24,100.0,2025-07-29
ADV,1,8,9,0.0,2025-07-29
AEO,1,64,34,0.0,2025-07-29
AIN,1,57,58,0.0,2025-07-29
AMC,1,29,36,0.0,2025-07-29
AMD,11,8448,743,1000.0,2025-07-29
AMZN,2,288,70,100.0,2025-07-29
ANET,1,18,1,0.0,2025-07-29
ANVS,1,2,4,0.0,2025-07-29
API,1,5,1,0.0,2025-07-29
APP,1,3285,199,0.0,2025-07-29
APPS,1,3,6,0.0,2025-07-29
AREN,4,253,125,300.0,2025-07-29
ASML,1,87,15,0.0,2025-07-29
ASPI,1,2,4,0.0,2025-07-29
ATHS,1,69,73,0.0,2025-07-29
ATYR,2,19,11,100.0,2025-07-29
AU,1,0,1,0.0,2025-07-29
AVGO,1,18,1,0.0,2025-07-29
BA,2,285,67,100.0,2025-07-29
BBAI,1,2,6,0.0,2025-07-29
BIO,6,125,97,500.0,2025-07-29
BKNG,2,301,64,100.0,2025-07-29
BNGO,1,1,2,0.0,2025-07-29
BR,1,1,3,0.0,2025-07-29
BROS,1,101,30,0.0,2025-07-29
BTU,1,5,1,0.0,2025-07-29
BURU,1,4,4,0.0,2025-07-29
BV,1,7,7,0.0,2025-07-29
CAPS,1,36,3,0.0,2025-07-29
CARS,1,208,38,0.0,2025-07-29
CC,2,2,4,100.0,2025-07-29
CELC,1,3,6,0.0,2025-07-29
CHSN,2,145,129,100.0,2025-07-29
CHTR,1,39,47,0.0,2025-07-29
CIO,1,8,9,0.0,2025-07-29
CL,1,2,2,0.0,2025-07-29
CLOV,1,1907,209,0.0,2025-07-29
CPA,1,58504,549,0.0,2025-07-29
CRSP,1,4,12,0.0,2025-07-29
CYBR,1,5,7,0.0,2025-07-29
CZR,2,44,29,100.0,2025-07-29
DC,1,8,9,0.0,2025-07-29
DEC,2,67,37,100.0,2025-07-29
DMAC,1,5,1,0.0,2025-07-29
DNA,1,7,2,0.0,2025-07-29
DNUT,1,1298,219,-95.0,2025-07-29
DOCN,1,283,111,0.0,2025-07-29
DOCU,1,18,1,0.0,2025-07-29
DRRX,1,6,12,0.0,2025-07-29
DTC,2,163,54,100.0,2025-07-29
DTE,1,18,1,0.0,2025-07-29
DUOL,1,5,7,0.0,2025-07-29
DYNX,1,3,6,0.0,2025-07-29
DYNXW,1,3,6,0.0,2025-07-29
EBAY,1,1,10,0.0,2025-07-29
ELV,1,114,172,0.0,2025-07-29
EMA,1,14,33,0.0,2025-07-29
EOD,1,29,36,0.0,2025-07-29
EQT,1,5,1,0.0,2025-07-29
ESP,1,34,60,0.0,2025-07-29
ET,1,2,4,0.0,2025-07-29
EXP,1,1,5,0.0,2025-07-29
EXPO,1,2,1,0.0,2025-07-29
FLWS,1,12,8,0.0,2025-07-29
FUBO,1,93,34,0.0,2025-07-29
GF,1,0,3,0.0,2025-07-29
GIBO,10,143,344,900.0,2025-07-29
GLP,1,43,30,0.0,2025-07-29
GLXY,2,116,101,100.0,2025-07-29
GOOG,1,0,2,0.0,2025-07-29
GOOGL,1,966,210,0.0,2025-07-29
GOSS,1,3,2,0.0,2025-07-29
HCTI,3,83,50,200.0,2025-07-29
HL,1,6,3,0.0,2025-07-29
HOOD,2,285,65,100.0,2025-07-29
HUBS,1,515,212,0.0,2025-07-29
IBKR,1,27,4,0.0,2025-07-29
IBRX,1,29,15,0.0,2025-07-29
ICU,1,1,8,0.0,2025-07-29
IMG,1,10,19,0.0,2025-07-29
IMO,2,35,53,100.0,2025-07-29
INTC,1,478,101,0.0,2025-07-29
IOVA,1,38,22,0.0,2025-07-29
IP,3,78,19,200.0,2025-07-29
IR,1,11,13,0.0,2025-07-29
IX,1,40,19,0.0,2025-07-29
IXHL,3,85,39,200.0,2025-07-29
JNJ,1,3,3,0.0,2025-07-29
KR,1,42,9,0.0,2025-07-29
KSS,3,666,136,200.0,2025-07-29
LB,3,731,240,200.0,2025-07-29
LGPS,1,3,6,0.0,2025-07-29
LIDR,1,3,6,0.0,2025-07-29
LQDA,1,65,26,0.0,2025-07-29
LYRA,1,40,19,0.0,2025-07-29
MBOT,1,31,15,0.0,2025-07-29
MC,1,31,15,0.0,2025-07-29
MCS,1,31,15,0.0,2025-07-29
MDLZ,1,18,1,0.0,2025-07-29
META,1,283,63,0.0,2025-07-29
MP,2,6904,752,100.0,2025-07-29
MRK,1,18,1,0.0,2025-07-29
MSTR,2,66,51,100.0,2025-07-29
MULN,1,0,29,0.0,2025-07-29
MVIS,2,19,11,100.0,2025-07-29
NCNA,1,36,22,0.0,2025-07-29
NEGG,3,13,34,200.0,2025-07-29
NEHC,2,12,13,100.0,2025-07-29
NEXM,1,208,19,0.0,2025-07-29
NIO,1,19,8,0.0,2025-07-29
NOV,1,3,3,0.0,2025-07-29
NPV,1,515,212,0.0,2025-07-29
NTAP,1,18,1,0.0,2025-07-29
NUE,1,18,1,0.0,2025-07-29
NVDA,4,92,42,300.0,2025-07-29
NVNI,2,194,139,100.0,2025-07-29
NVO,1,462,169,0.0,2025-07-29
NVTS,1,3,6,0.0,2025-07-29
OI,3,980,241,200.0,2025-07-29
OLB,2,52,66,100.0,2025-07-29
OPEN,3,1639,319,200.0,2025-07-29
OPTT,2,0,61,100.0,2025-07-29
ORIS,1,8,18,0.0,2025-07-29
OZ,2,3,7,100.0,2025-07-29
PALI,1,3,1,0.0,2025-07-29
PANW,1,18,1,0.0,2025-07-29
PB,1,0,30,0.0,2025-07-29
PD,1,2,4,0.0,2025-07-29
PEW,2,241,141,100.0,2025-07-29
PFS,1,515,212,0.0,2025-07-29
PFSA,1,14,19,0.0,2025-07-29
PG,1,2,4,0.0,2025-07-29
PH,1,65,26,0.0,2025-07-29
PLTR,4,3147,891,300.0,2025-07-29
PM,1,13,7,0.0,2025-07-29
PR,5,46,26,400.0,2025-07-29
PSTV,1,11,13,0.0,2025-07-29
PT,1,12,13,0.0,2025-07-29
PYPL,1,2,4,0.0,2025-07-29
RC,1,0,1,0.0,2025-07-29
RCAT,1,0,30,0.0,2025-07-29
RCL,1,18,1,0.0,2025-07-29
RDDT,2,61,36,100.0,2025-07-29
RGEN,1,10,19,0.0,2025-07-29
RH,1,2,13,0.0,2025-07-29
RIME,1,1,5,0.0,2025-07-29
RKT,4,211,78,400.0,2025-07-29
RNXT,1,2,1,0.0,2025-07-29
ROKU,1,283,63,0.0,2025-07-29
RRC,1,8,9,0.0,2025-07-29
RS,4,1084,257,300.0,2025-07-29
RSI,3,58,45,200.0,2025-07-29
SBET,2,201,76,100.0,2025-07-29
SCD,1,1,8,0.0,2025-07-29
SERV,1,31,15,0.0,2025-07-29
SEZL,1,0,8,0.0,2025-07-29
SGMO,1,4,2,0.0,2025-07-29
SKYX,1,6,1,0.0,2025-07-29
SMCI,3,389,131,200.0,2025-07-29
SNTI,1,1,2,0.0,2025-07-29
SOFI,3,1291,226,200.0,2025-07-29
SOUN,3,62,58,200.0,2025-07-29
SOWG,1,7,7,0.0,2025-07-29
SPOT,2,1039,276,100.0,2025-07-29
SRPT,3,52,33,200.0,2025-07-29
SST,1,9,1,0.0,2025-07-29
STAI,1,6,3,0.0,2025-07-29
STR,1,26,28,0.0,2025-07-29
SU,1,5980,366,0.0,2025-07-29
SURG,1,2,1,0.0,2025-07-29
THC,1,2,7,0.0,2025-07-29
TLRY,1,94,54,0.0,2025-07-29
TNFA,3,112,95,200.0,2025-07-29
TPL,1,8,9,0.0,2025-07-29
TPR,1,18,1,0.0,2025-07-29
TSLA,8,785,209,700.0,2025-07-29
UNH,4,470,365,300.0,2025-07-29
UPLD,1,12,10,0.0,2025-07-29
UPS,3,2,44,200.0,2025-07-29
USAS,1,2,1,0.0,2025-07-29
UTHR,1,65,26,0.0,2025-07-29
UUUU,3,6906,756,200.0,2025-07-29
VAPE,1,9,11,0.0,2025-07-29
VENU,1,93,34,0.0,2025-07-29
VERV,1,2,13,0.0,2025-07-29
VRNA,1,65,26,0.0,2025-07-29
VST,1,5,7,0.0,2025-07-29
WB,1,8,9,0.0,2025-07-29
WEN,1,178,63,0.0,2025-07-29
WKSP,1,14,5,0.0,2025-07-29
WLGS,1,113,92,0.0,2025-07-29
WT,1,5,1,0.0,2025-07-29
YHC,3,33,59,200.0,2025-07-29
ABNB,1,284,179,0.0,2025-07-30
AC,1,0,2,0.0,2025-07-30
ADAP,4,16,11,300.0,2025-07-30
ADIL,2,62,24,100.0,2025-07-30
AGI,1,29,20,0.0,2025-07-30
AIN,1,8,3,0.0,2025-07-30
AMD,9,9309,767,800.0,2025-07-30
AMZN,1,295,64,0.0,2025-07-30
ANVS,1,5,8,0.0,2025-07-30
API,2,7,5,100.0,2025-07-30
APP,1,3314,199,0.0,2025-07-30
APPS,1,14,12,0.0,2025-07-30
AREN,6,287,168,500.0,2025-07-30
ASML,1,94,15,0.0,2025-07-30
ASPI,2,3,8,100.0,2025-07-30
ASTS,1,16,8,0.0,2025-07-30
ASX,1,3,1,0.0,2025-07-30
ATHS,1,75,76,0.0,2025-07-30
ATYR,2,42,29,100.0,2025-07-30
AU,2,5,2,100.0,2025-07-30
BA,2,298,70,100.0,2025-07-30
BBAI,1,4,7,0.0,2025-07-30
BIO,4,80,43,300.0,2025-07-30
BKNG,1,295,64,0.0,2025-07-30
BNGO,1,1,3,0.0,2025-07-30
BR,1,0,3,0.0,2025-07-30
BRO,2,13,19,100.0,2025-07-30
BROS,1,104,35,0.0,2025-07-30
BTU,1,7,1,0.0,2025-07-30
BV,1,6,7,0.0,2025-07-30
CAPS,1,37,3,0.0,2025-07-30
CARS,1,216,38,0.0,2025-07-30
CC,1,8,24,0.0,2025-07-30
CCS,1,8,24,0.0,2025-07-30
CELC,1,14,12,0.0,2025-07-30
CHSN,3,171,162,200.0,2025-07-30
CLOV,1,2127,236,0.0,2025-07-30
CPA,1,58760,554,0.0,2025-07-30
CRSP,1,13,12,0.0,2025-07-30
CVNA,1,1,1,0.0,2025-07-30
CZR,1,33,39,0.0,2025-07-30
DEC,1,34,22,0.0,2025-07-30
DEVS,1,3,1,0.0,2025-07-30
DOCN,1,292,115,0.0,2025-07-30
DRRX,1,10,15,0.0,2025-07-30
DTC,2,164,54,100.0,2025-07-30
DYNX,1,14,12,0.0,2025-07-30
DYNXW,1,14,12,0.0,2025-07-30
ELV,1,112,172,0.0,2025-07-30
EMA,1,28,59,0.0,2025-07-30
EOD,1,75,34,0.0,2025-07-30
ESP,1,51,88,0.0,2025-07-30
ET,1,3,6,0.0,2025-07-30
FLWS,1,15,9,0.0,2025-07-30
FUBO,1,148,42,0.0,2025-07-30
GF,1,0,3,0.0,2025-07-30
GIBO,5,147,221,400.0,2025-07-30
GLXY,2,181,129,100.0,2025-07-30
GOOGL,2,1258,392,100.0,2025-07-30
GRAB,1,3,3,0.0,2025-07-30
GTI,1,0,29,0.0,2025-07-30
HCTI,4,93,57,300.0,2025-07-30
HL,1,13,11,0.0,2025-07-30
HOOD,2,579,243,100.0,2025-07-30
HUBS,1,513,212,0.0,2025-07-30
IBKR,2,29,5,100.0,2025-07-30
IBRX,1,28,15,0.0,2025-07-30
ICU,2,18,18,100.0,2025-07-30
IMG,1,12,23,0.0,2025-07-30
IMO,1,33,47,0.0,2025-07-30
INTC,1,474,101,0.0,2025-07-30
IONQ,1,609,240,0.0,2025-07-30
IOVA,1,47,24,0.0,2025-07-30
IP,2,2,4,100.0,2025-07-30
IR,2,42,34,100.0,2025-07-30
IX,1,42,19,0.0,2025-07-30
IXHL,2,62,24,100.0,2025-07-30
KR,1,47,11,0.0,2025-07-30
KSS,3,668,137,200.0,2025-07-30
LB,1,513,212,0.0,2025-07-30
LCID,1,7,4,0.0,2025-07-30
LGPS,1,14,12,0.0,2025-07-30
LIDR,1,14,12,0.0,2025-07-30
LYRA,1,42,19,0.0,2025-07-30
MBOT,1,24,29,0.0,2025-07-30
MBRX,1,2,2,0.0,2025-07-30
META,1,295,64,0.0,2025-07-30
MP,2,6918,761,100.0,2025-07-30
MSTR,1,36,18,0.0,2025-07-30
MULN,1,0,29,0.0,2025-07-30
MVIS,1,13,5,0.0,2025-07-30
MVST,1,10,8,0.0,2025-07-30
NCNA,2,54,38,100.0,2025-07-30
NEGG,2,21,23,100.0,2025-07-30
NEHC,1,10,5,0.0,2025-07-30
NIO,1,19,8,0.0,2025-07-30
NPV,1,513,212,0.0,2025-07-30
NVDA,3,107,53,200.0,2025-07-30
NVNI,2,45,40,100.0,2025-07-30
NVO,2,974,387,100.0,2025-07-30
NVTS,1,14,12,0.0,2025-07-30
OI,3,999,248,200.0,2025-07-30
OLB,2,52,66,100.0,2025-07-30
OP,1,1,40,0.0,2025-07-30
OPEN,3,1666,332,200.0,2025-07-30
OPTT,1,0,34,0.0,2025-07-30
OZ,2,3,9,100.0,2025-07-30
PB,1,0,34,0.0,2025-07-30
PD,1,5,8,0.0,2025-07-30
PEW,2,274,174,100.0,2025-07-30
PFS,1,513,212,0.0,2025-07-30
PFSA,1,17,24,0.0,2025-07-30
PG,1,3,6,0.0,2025-07-30
PLTR,4,3404,930,300.0,2025-07-30
PM,1,1,1,0.0,2025-07-30
PR,5,50,57,400.0,2025-07-30
PSTV,1,22,18,0.0,2025-07-30
PYPL,1,3,6,0.0,2025-07-30
QS,1,124,33,0.0,2025-07-30
RADX,1,3,1,0.0,2025-07-30
RC,1,2,1,0.0,2025-07-30
RCAT,1,0,34,0.0,2025-07-30
RDDT,3,353,217,200.0,2025-07-30
RF,1,0,1,0.0,2025-07-30
RGEN,1,12,23,0.0,2025-07-30
RH,1,3760,690,0.0,2025-07-30
RIME,1,2,6,0.0,2025-07-30
RIVN,1,34,39,0.0,2025-07-30
RKT,3,167,43,300.0,2025-07-30
ROKU,1,295,64,0.0,2025-07-30
RR,1,8,3,0.0,2025-07-30
RS,5,1131,285,400.0,2025-07-30
RSI,2,394,210,100.0,2025-07-30
SBET,2,217,82,100.0,2025-07-30
SCD,2,18,18,100.0,2025-07-30
SEZL,1,0,8,0.0,2025-07-30
SMCI,2,311,77,100.0,2025-07-30
SNTI,1,1,3,0.0,2025-07-30
SOFI,4,2404,424,300.0,2025-07-30
SOUN,3,82,62,200.0,2025-07-30
SOWG,1,6,7,0.0,2025-07-30
SPOT,2,1402,342,100.0,2025-07-30
SRPT,5,168,169,400.0,2025-07-30
SST,1,11,1,0.0,2025-07-30
STAI,1,13,11,0.0,2025-07-30
STR,1,33,39,0.0,2025-07-30
SU,1,6612,386,0.0,2025-07-30
THC,1,6,17,0.0,2025-07-30
TLRY,1,101,59,0.0,2025-07-30
TNFA,1,13,8,0.0,2025-07-30
TSLA,6,515,140,500.0,2025-07-30
UBER,1,3,3,0.0,2025-07-30
UNH,5,931,592,400.0,2025-07-30
UPS,3,6,50,200.0,2025-07-30
USAS,1,2,1,0.0,2025-07-30
UUUU,3,6921,767,200.0,2025-07-30
VAPE,1,8,11,0.0,2025-07-30
VENU,1,148,42,0.0,2025-07-30
VGZ,1,3,1,0.0,2025-07-30
VWAV,1,0,1,0.0,2025-07-30
WEN,1,187,69,0.0,2025-07-30
WKSP,1,20,5,0.0,2025-07-30
WLGS,1,115,92,0.0,2025-07-30
WT,1,7,1,0.0,2025-07-30
YHC,3,44,63,200.0,2025-07-30
ABNB,1,283,179,0.0,2025-07-30
AC,1,0,2,0.0,2025-07-30
ADAP,4,15,11,300.0,2025-07-30
ADIL,2,62,24,100.0,2025-07-30
AGI,1,29,20,0.0,2025-07-30
AIN,1,9,3,0.0,2025-07-30
AMD,9,9305,767,800.0,2025-07-30
AMZN,1,295,64,0.0,2025-07-30
ANVS,1,5,8,0.0,2025-07-30
API,2,7,5,100.0,2025-07-30
APP,1,3312,199,0.0,2025-07-30
APPS,1,15,12,0.0,2025-07-30
AREN,6,295,168,500.0,2025-07-30
ASML,1,99,15,0.0,2025-07-30
ASPI,2,2,8,100.0,2025-07-30
ASTS,1,16,8,0.0,2025-07-30
ASX,1,3,1,0.0,2025-07-30
ATHS,1,73,76,0.0,2025-07-30
ATYR,2,40,29,100.0,2025-07-30
AU,2,5,2,100.0,2025-07-30
BA,2,297,70,100.0,2025-07-30
BBAI,1,5,7,0.0,2025-07-30
BIO,4,80,43,300.0,2025-07-30
BKNG,1,295,64,0.0,2025-07-30
BNGO,1,2,3,0.0,2025-07-30
BR,1,0,3,0.0,2025-07-30
BRO,2,10,19,100.0,2025-07-30
BROS,1,101,35,0.0,2025-07-30
BTU,1,7,1,0.0,2025-07-30
BV,1,6,7,0.0,2025-07-30
CAPS,1,35,3,0.0,2025-07-30
CARS,1,222,38,0.0,2025-07-30
CC,1,8,24,0.0,2025-07-30
CCS,1,8,24,0.0,2025-07-30
CELC,1,15,12,0.0,2025-07-30
CHSN,3,172,162,200.0,2025-07-30
CLOV,1,2121,236,0.0,2025-07-30
CPA,1,58753,554,0.0,2025-07-30
CRSP,1,13,12,0.0,2025-07-30
CVNA,1,1,1,0.0,2025-07-30
CZR,1,36,39,0.0,2025-07-30
DEC,1,37,22,0.0,2025-07-30
DEVS,1,3,1,0.0,2025-07-30
DOCN,1,296,115,0.0,2025-07-30
DRRX,1,10,15,0.0,2025-07-30
DTC,2,167,54,100.0,2025-07-30
DYNX,1,15,12,0.0,2025-07-30
DYNXW,1,15,12,0.0,2025-07-30
ELV,1,112,172,0.0,2025-07-30
EMA,1,26,59,0.0,2025-07-30
EOD,1,74,34,0.0,2025-07-30
ESP,1,54,88,0.0,2025-07-30
ET,1,2,6,0.0,2025-07-30
FLWS,1,15,9,0.0,2025-07-30
FUBO,1,145,42,0.0,2025-07-30
GF,1,0,3,0.0,2025-07-30
GIBO,5,145,221,400.0,2025-07-30
GLXY,2,178,129,100.0,2025-07-30
GOOGL,2,1254,392,100.0,2025-07-30
GRAB,1,3,3,0.0,2025-07-30
GTI,1,0,29,0.0,2025-07-30
HCTI,4,96,57,300.0,2025-07-30
HL,1,14,11,0.0,2025-07-30
HOOD,2,578,243,100.0,2025-07-30
HUBS,1,513,212,0.0,2025-07-30
IBKR,2,27,5,100.0,2025-07-30
IBRX,1,27,15,0.0,2025-07-30
ICU,2,18,18,100.0,2025-07-30
IMG,1,13,23,0.0,2025-07-30
IMO,1,32,47,0.0,2025-07-30
INTC,1,476,101,0.0,2025-07-30
IONQ,1,606,240,0.0,2025-07-30
IOVA,1,47,24,0.0,2025-07-30
IP,2,3,4,100.0,2025-07-30
IR,2,43,34,100.0,2025-07-30
IX,1,42,19,0.0,2025-07-30
IXHL,2,62,24,100.0,2025-07-30
KR,1,49,11,0.0,2025-07-30
KSS,3,674,137,200.0,2025-07-30
LB,1,513,212,0.0,2025-07-30
LCID,1,8,4,0.0,2025-07-30
LGPS,1,15,12,0.0,2025-07-30
LIDR,1,15,12,0.0,2025-07-30
LYRA,1,42,19,0.0,2025-07-30
MBOT,1,26,29,0.0,2025-07-30
MBRX,1,2,2,0.0,2025-07-30
META,1,295,64,0.0,2025-07-30
MP,2,6920,761,100.0,2025-07-30
MSTR,1,38,18,0.0,2025-07-30
MULN,1,0,29,0.0,2025-07-30
MVIS,1,12,5,0.0,2025-07-30
MVST,1,10,8,0.0,2025-07-30
NCNA,2,59,38,100.0,2025-07-30
NEGG,2,24,23,100.0,2025-07-30
NEHC,1,9,5,0.0,2025-07-30
NIO,1,19,8,0.0,2025-07-30
NPV,1,513,212,0.0,2025-07-30
NVDA,3,107,53,200.0,2025-07-30
NVNI,2,46,40,100.0,2025-07-30
NVO,2,976,387,100.0,2025-07-30
NVTS,1,15,12,0.0,2025-07-30
OI,3,997,248,200.0,2025-07-30
OLB,2,51,66,100.0,2025-07-30
OP,1,3,40,0.0,2025-07-30
OPEN,3,1678,332,200.0,2025-07-30
OPTT,1,0,34,0.0,2025-07-30
OZ,2,2,9,100.0,2025-07-30
PB,1,0,34,0.0,2025-07-30
PD,1,5,8,0.0,2025-07-30
PEW,2,273,174,100.0,2025-07-30
PFS,1,513,212,0.0,2025-07-30
PFSA,1,15,24,0.0,2025-07-30
PG,1,2,6,0.0,2025-07-30
PLTR,4,3397,930,300.0,2025-07-30
PM,1,1,1,0.0,2025-07-30
PR,5,49,57,400.0,2025-07-30
PSTV,1,21,18,0.0,2025-07-30
PYPL,1,2,6,0.0,2025-07-30
QS,1,121,33,0.0,2025-07-30
RADX,1,3,1,0.0,2025-07-30
RC,1,2,1,0.0,2025-07-30
RCAT,1,0,34,0.0,2025-07-30
RDDT,3,347,217,200.0,2025-07-30
RF,1,0,1,0.0,2025-07-30
RGEN,1,13,23,0.0,2025-07-30
RH,1,3767,690,0.0,2025-07-30
RIME,1,2,6,0.0,2025-07-30
RIVN,1,34,39,0.0,2025-07-30
RKT,3,167,43,300.0,2025-07-30
ROKU,1,295,64,0.0,2025-07-30
RR,1,9,3,0.0,2025-07-30
RS,5,1141,285,400.0,2025-07-30
RSI,2,397,210,100.0,2025-07-30
SBET,2,219,82,100.0,2025-07-30
SCD,2,18,18,100.0,2025-07-30
SEZL,1,0,8,0.0,2025-07-30
SMCI,2,311,77,100.0,2025-07-30
SNTI,1,2,3,0.0,2025-07-30
SOFI,4,2391,424,300.0,2025-07-30
SOUN,3,82,62,200.0,2025-07-30
SOWG,1,6,7,0.0,2025-07-30
SPOT,2,1401,342,100.0,2025-07-30
SRPT,5,164,169,400.0,2025-07-30
SST,1,10,1,0.0,2025-07-30
STAI,1,14,11,0.0,2025-07-30
STR,1,36,39,0.0,2025-07-30
SU,1,6612,386,0.0,2025-07-30
THC,1,5,17,0.0,2025-07-30
TLRY,1,99,59,0.0,2025-07-30
TNFA,1,14,8,0.0,2025-07-30
TSLA,6,520,140,500.0,2025-07-30
UBER,1,3,3,0.0,2025-07-30
UNH,5,936,592,400.0,2025-07-30
UPS,3,5,50,200.0,2025-07-30
USAS,1,2,1,0.0,2025-07-30
UUUU,3,6922,767,200.0,2025-07-30
VAPE,1,9,11,0.0,2025-07-30
VENU,1,145,42,0.0,2025-07-30
VGZ,1,3,1,0.0,2025-07-30
VWAV,1,0,1,0.0,2025-07-30
WEN,1,191,69,0.0,2025-07-30
WKSP,1,20,5,0.0,2025-07-30
WLGS,1,114,92,0.0,2025-07-30
WT,1,7,1,0.0,2025-07-30
YHC,3,44,63,200.0,2025-07-30
ABNB,1,287,179,0.0,2025-07-30
AC,1,0,2,0.0,2025-07-30
ADAP,4,16,11,300.0,2025-07-30
ADIL,2,64,24,100.0,2025-07-30
AGI,1,28,20,0.0,2025-07-30
AIN,1,8,3,0.0,2025-07-30
AMD,9,9314,767,800.0,2025-07-30
AMZN,1,291,64,0.0,2025-07-30
ANVS,1,5,8,0.0,2025-07-30
API,2,5,5,100.0,2025-07-30
APP,1,3310,199,0.0,2025-07-30
APPS,1,14,12,0.0,2025-07-30
AREN,6,292,168,500.0,2025-07-30
ASML,1,96,15,0.0,2025-07-30
ASPI,2,2,8,100.0,2025-07-30
ASTS,1,16,8,0.0,2025-07-30
ASX,1,3,1,0.0,2025-07-30
ATHS,1,73,76,0.0,2025-07-30
ATYR,2,41,29,100.0,2025-07-30
AU,2,5,2,100.0,2025-07-30
BA,2,293,70,100.0,2025-07-30
BBAI,1,4,7,0.0,2025-07-30
BIO,4,81,43,300.0,2025-07-30
BKNG,1,291,64,0.0,2025-07-30
BNGO,1,2,3,0.0,2025-07-30
BR,1,0,3,0.0,2025-07-30
BRO,2,12,19,100.0,2025-07-30
BROS,1,104,35,0.0,2025-07-30
BTU,1,5,1,0.0,2025-07-30
BV,1,6,7,0.0,2025-07-30
CAPS,1,35,3,0.0,2025-07-30
CARS,1,217,38,0.0,2025-07-30
CC,1,7,24,0.0,2025-07-30
CCS,1,7,24,0.0,2025-07-30
CELC,1,14,12,0.0,2025-07-30
CHSN,3,171,162,200.0,2025-07-30
CLOV,1,2129,236,0.0,2025-07-30
CPA,1,58750,554,0.0,2025-07-30
CRSP,1,13,12,0.0,2025-07-30
CVNA,1,1,1,0.0,2025-07-30
CZR,1,35,39,0.0,2025-07-30
DEC,1,37,22,0.0,2025-07-30
DEVS,1,3,1,0.0,2025-07-30
DOCN,1,295,115,0.0,2025-07-30
DRRX,1,10,15,0.0,2025-07-30
DTC,2,165,54,100.0,2025-07-30
DYNX,1,14,12,0.0,2025-07-30
DYNXW,1,14,12,0.0,2025-07-30
ELV,1,112,172,0.0,2025-07-30
EMA,1,27,59,0.0,2025-07-30
EOD,1,74,34,0.0,2025-07-30
ESP,1,51,88,0.0,2025-07-30
ET,1,2,6,0.0,2025-07-30
FLWS,1,16,9,0.0,2025-07-30
FUBO,1,150,42,0.0,2025-07-30
GF,1,0,3,0.0,2025-07-30
GIBO,5,145,221,400.0,2025-07-30
GLXY,2,182,129,100.0,2025-07-30
GOOGL,2,1262,392,100.0,2025-07-30
GRAB,1,3,3,0.0,2025-07-30
GTI,1,0,29,0.0,2025-07-30
HCTI,4,97,57,300.0,2025-07-30
HL,1,14,11,0.0,2025-07-30
HOOD,2,578,243,100.0,2025-07-30
HUBS,1,517,212,0.0,2025-07-30
IBKR,2,27,5,100.0,2025-07-30
IBRX,1,28,15,0.0,2025-07-30
ICU,2,18,18,100.0,2025-07-30
IMG,1,11,23,0.0,2025-07-30
IMO,1,31,47,0.0,2025-07-30
INTC,1,477,101,0.0,2025-07-30
IONQ,1,611,240,0.0,2025-07-30
IOVA,1,41,24,0.0,2025-07-30
IP,2,3,4,100.0,2025-07-30
IR,2,44,34,100.0,2025-07-30
IX,1,44,19,0.0,2025-07-30
IXHL,2,64,24,100.0,2025-07-30
KR,1,47,11,0.0,2025-07-30
KSS,3,668,137,200.0,2025-07-30
LB,1,517,212,0.0,2025-07-30
LCID,1,8,4,0.0,2025-07-30
LGPS,1,14,12,0.0,2025-07-30
LIDR,1,14,12,0.0,2025-07-30
LYRA,1,44,19,0.0,2025-07-30
MBOT,1,27,29,0.0,2025-07-30
MBRX,1,2,2,0.0,2025-07-30
META,1,291,64,0.0,2025-07-30
MP,2,6920,761,100.0,2025-07-30
MSTR,1,39,18,0.0,2025-07-30
MULN,1,0,29,0.0,2025-07-30
MVIS,1,12,5,0.0,2025-07-30
MVST,1,10,8,0.0,2025-07-30
NCNA,2,58,38,100.0,2025-07-30
NEGG,2,24,23,100.0,2025-07-30
NEHC,1,8,5,0.0,2025-07-30
NIO,1,20,8,0.0,2025-07-30
NPV,1,517,212,0.0,2025-07-30
NVDA,3,104,53,200.0,2025-07-30
NVNI,2,46,40,100.0,2025-07-30
NVO,2,978,387,100.0,2025-07-30
NVTS,1,14,12,0.0,2025-07-30
OI,3,999,248,200.0,2025-07-30
OLB,2,50,66,100.0,2025-07-30
OP,1,0,40,0.0,2025-07-30
OPEN,3,1668,332,200.0,2025-07-30
OPTT,1,0,34,0.0,2025-07-30
OZ,2,2,9,100.0,2025-07-30
PB,1,0,34,0.0,2025-07-30
PD,1,5,8,0.0,2025-07-30
PEW,2,273,174,100.0,2025-07-30
PFS,1,517,212,0.0,2025-07-30
PFSA,1,15,24,0.0,2025-07-30
PG,1,2,6,0.0,2025-07-30
PLTR,4,3408,930,300.0,2025-07-30
PM,1,1,1,0.0,2025-07-30
PR,5,53,57,400.0,2025-07-30
PSTV,1,23,18,0.0,2025-07-30
PYPL,1,2,6,0.0,2025-07-30
QS,1,123,33,0.0,2025-07-30
RADX,1,3,1,0.0,2025-07-30
RC,1,2,1,0.0,2025-07-30
RCAT,1,0,34,0.0,2025-07-30
RDDT,3,358,217,200.0,2025-07-30
RF,1,0,1,0.0,2025-07-30
RGEN,1,11,23,0.0,2025-07-30
RH,1,3764,690,0.0,2025-07-30
RIME,1,2,6,0.0,2025-07-30
RIVN,1,37,39,0.0,2025-07-30
RKT,3,165,43,300.0,2025-07-30
ROKU,1,291,64,0.0,2025-07-30
RR,1,8,3,0.0,2025-07-30
RS,5,1138,285,400.0,2025-07-30
RSI,2,400,210,100.0,2025-07-30
SBET,2,214,82,100.0,2025-07-30
SCD,2,18,18,100.0,2025-07-30
SEZL,1,0,8,0.0,2025-07-30
SMCI,2,306,77,100.0,2025-07-30
SNTI,1,2,3,0.0,2025-07-30
SOFI,4,2407,424,300.0,2025-07-30
SOUN,3,81,62,200.0,2025-07-30
SOWG,1,6,7,0.0,2025-07-30
SPOT,2,1399,342,100.0,2025-07-30
SRPT,5,162,169,400.0,2025-07-30
SST,1,10,1,0.0,2025-07-30
STAI,1,14,11,0.0,2025-07-30
STR,1,35,39,0.0,2025-07-30
SU,1,6619,386,0.0,2025-07-30
THC,1,6,17,0.0,2025-07-30
TLRY,1,102,59,0.0,2025-07-30
TNFA,1,13,8,0.0,2025-07-30
TSLA,6,513,140,500.0,2025-07-30
UBER,1,3,3,0.0,2025-07-30
UNH,5,936,592,400.0,2025-07-30
UPS,3,5,50,200.0,2025-07-30
USAS,1,2,1,0.0,2025-07-30
UUUU,3,6922,767,200.0,2025-07-30
VAPE,1,8,11,0.0,2025-07-30
VENU,1,150,42,0.0,2025-07-30
VGZ,1,3,1,0.0,2025-07-30
VWAV,1,0,1,0.0,2025-07-30
WEN,1,190,69,0.0,2025-07-30
WKSP,1,20,5,0.0,2025-07-30
WLGS,1,114,92,0.0,2025-07-30
WT,1,5,1,0.0,2025-07-30
YHC,3,43,63,200.0,2025-07-30
ABNB,1,285,179,0.0,2025-07-30
AC,1,0,2,0.0,2025-07-30
ADAP,4,17,11,300.0,2025-07-30
ADIL,2,62,24,100.0,2025-07-30
AGI,1,29,20,0.0,2025-07-30
AIN,1,9,3,0.0,2025-07-30
AMD,9,9311,767,800.0,2025-07-30
AMZN,1,291,64,0.0,2025-07-30
ANVS,1,5,8,0.0,2025-07-30
API,2,6,5,100.0,2025-07-30
APP,1,3308,199,0.0,2025-07-30
APPS,1,14,12,0.0,2025-07-30
AREN,6,293,168,500.0,2025-07-30
ASML,1,97,15,0.0,2025-07-30
ASPI,2,1,8,100.0,2025-07-30
ASTS,1,16,8,0.0,2025-07-30
ASX,1,3,1,0.0,2025-07-30
ATHS,1,81,76,0.0,2025-07-30
ATYR,2,41,29,100.0,2025-07-30
AU,2,5,2,100.0,2025-07-30
BA,2,292,70,100.0,2025-07-30
BBAI,1,4,7,0.0,2025-07-30
BIO,4,80,43,300.0,2025-07-30
BKNG,1,291,64,0.0,2025-07-30
BNGO,1,2,3,0.0,2025-07-30
BR,1,0,3,0.0,2025-07-30
BRO,2,12,19,100.0,2025-07-30
BROS,1,108,35,0.0,2025-07-30
BTU,1,6,1,0.0,2025-07-30
BV,1,7,7,0.0,2025-07-30
CAPS,1,35,3,0.0,2025-07-30
CARS,1,218,38,0.0,2025-07-30
CC,1,6,24,0.0,2025-07-30
CCS,1,6,24,0.0,2025-07-30
CELC,1,14,12,0.0,2025-07-30
CHSN,3,176,162,200.0,2025-07-30
CLOV,1,2127,236,0.0,2025-07-30
CPA,1,58757,554,0.0,2025-07-30
CRSP,1,13,12,0.0,2025-07-30
CVNA,1,1,1,0.0,2025-07-30
CZR,1,36,39,0.0,2025-07-30
DEC,1,36,22,0.0,2025-07-30
DEVS,1,3,1,0.0,2025-07-30
DOCN,1,293,115,0.0,2025-07-30
DRRX,1,10,15,0.0,2025-07-30
DTC,2,166,54,100.0,2025-07-30
DYNX,1,14,12,0.0,2025-07-30
DYNXW,1,14,12,0.0,2025-07-30
ELV,1,110,172,0.0,2025-07-30
EMA,1,29,59,0.0,2025-07-30
EOD,1,75,34,0.0,2025-07-30
ESP,1,53,88,0.0,2025-07-30
ET,1,1,6,0.0,2025-07-30
FLWS,1,16,9,0.0,2025-07-30
FUBO,1,148,42,0.0,2025-07-30
GF,1,0,3,0.0,2025-07-30
GIBO,5,148,221,400.0,2025-07-30
GLXY,2,180,129,100.0,2025-07-30
GOOGL,2,1260,392,100.0,2025-07-30
GRAB,1,3,3,0.0,2025-07-30
GTI,1,0,29,0.0,2025-07-30
HCTI,4,98,57,300.0,2025-07-30
HL,1,15,11,0.0,2025-07-30
HOOD,2,576,243,100.0,2025-07-30
HUBS,1,515,212,0.0,2025-07-30
IBKR,2,29,5,100.0,2025-07-30
IBRX,1,28,15,0.0,2025-07-30
ICU,2,18,18,100.0,2025-07-30
IMG,1,12,23,0.0,2025-07-30
IMO,1,32,47,0.0,2025-07-30
INTC,1,477,101,0.0,2025-07-30
IONQ,1,610,240,0.0,2025-07-30
IOVA,1,43,24,0.0,2025-07-30
IP,2,3,4,100.0,2025-07-30
IR,2,43,34,100.0,2025-07-30
IX,1,42,19,0.0,2025-07-30
IXHL,2,62,24,100.0,2025-07-30
KR,1,48,11,0.0,2025-07-30
KSS,3,670,137,200.0,2025-07-30
LB,1,515,212,0.0,2025-07-30
LCID,1,8,4,0.0,2025-07-30
LGPS,1,14,12,0.0,2025-07-30
LIDR,1,14,12,0.0,2025-07-30
LYRA,1,42,19,0.0,2025-07-30
MBOT,1,24,29,0.0,2025-07-30
MBRX,1,2,2,0.0,2025-07-30
META,1,291,64,0.0,2025-07-30
MP,2,6916,761,100.0,2025-07-30
MSTR,1,40,18,0.0,2025-07-30
MULN,1,0,29,0.0,2025-07-30
MVIS,1,12,5,0.0,2025-07-30
MVST,1,10,8,0.0,2025-07-30
NCNA,2,55,38,100.0,2025-07-30
NEGG,2,23,23,100.0,2025-07-30
NEHC,1,10,5,0.0,2025-07-30
NIO,1,21,8,0.0,2025-07-30
NPV,1,515,212,0.0,2025-07-30
NVDA,3,105,53,200.0,2025-07-30
NVNI,2,45,40,100.0,2025-07-30
NVO,2,969,388,100.0,2025-07-30
NVTS,1,14,12,0.0,2025-07-30
OI,3,1000,248,200.0,2025-07-30
OLB,2,53,66,100.0,2025-07-30
OP,1,0,40,0.0,2025-07-30
OPEN,3,1673,332,200.0,2025-07-30
OPTT,1,0,34,0.0,2025-07-30
OZ,2,1,9,100.0,2025-07-30
PB,1,0,34,0.0,2025-07-30
PD,1,5,8,0.0,2025-07-30
PEW,2,270,174,100.0,2025-07-30
PFS,1,515,212,0.0,2025-07-30
PFSA,1,14,24,0.0,2025-07-30
PG,1,1,6,0.0,2025-07-30
PLTR,4,3402,930,300.0,2025-07-30
PM,1,1,1,0.0,2025-07-30
PR,5,51,57,400.0,2025-07-30
PSTV,1,24,18,0.0,2025-07-30
PYPL,1,1,6,0.0,2025-07-30
QS,1,123,33,0.0,2025-07-30
RADX,1,3,1,0.0,2025-07-30
RC,1,2,1,0.0,2025-07-30
RCAT,1,0,34,0.0,2025-07-30
RDDT,3,348,217,200.0,2025-07-30
RF,1,0,1,0.0,2025-07-30
RGEN,1,12,23,0.0,2025-07-30
RH,1,3768,690,0.0,2025-07-30
RIME,1,2,6,0.0,2025-07-30
RIVN,1,36,39,0.0,2025-07-30
RKT,3,167,43,300.0,2025-07-30
ROKU,1,291,64,0.0,2025-07-30
RR,1,9,3,0.0,2025-07-30
RS,5,1138,285,400.0,2025-07-30
RSI,2,396,210,100.0,2025-07-30
SBET,2,217,82,100.0,2025-07-30
SCD,2,18,18,100.0,2025-07-30
SEZL,1,0,8,0.0,2025-07-30
SMCI,2,308,77,100.0,2025-07-30
SNTI,1,2,3,0.0,2025-07-30
SOFI,4,2405,424,300.0,2025-07-30
SOUN,3,81,62,200.0,2025-07-30
SOWG,1,7,7,0.0,2025-07-30
SPOT,2,1391,342,100.0,2025-07-30
SRPT,5,164,169,400.0,2025-07-30
SST,1,11,1,0.0,2025-07-30
STAI,1,15,11,0.0,2025-07-30
STR,1,36,39,0.0,2025-07-30
SU,1,6614,386,0.0,2025-07-30
THC,1,6,17,0.0,2025-07-30
TLRY,1,98,59,0.0,2025-07-30
TNFA,1,14,8,0.0,2025-07-30
TSLA,6,522,140,500.0,2025-07-30
UBER,1,3,3,0.0,2025-07-30
UNH,5,932,592,400.0,2025-07-30
UPS,3,5,50,200.0,2025-07-30
USAS,1,2,1,0.0,2025-07-30
UUUU,3,6917,767,200.0,2025-07-30
VAPE,1,8,11,0.0,2025-07-30
VENU,1,148,42,0.0,2025-07-30
VGZ,1,3,1,0.0,2025-07-30
VWAV,1,0,1,0.0,2025-07-30
WEN,1,189,69,0.0,2025-07-30
WKSP,1,20,5,0.0,2025-07-30
WLGS,1,118,92,0.0,2025-07-30
WT,1,6,1,0.0,2025-07-30
YHC,3,43,63,200.0,2025-07-30
ABNB,1,283,179,0.0,2025-07-30
AC,1,0,2,0.0,2025-07-30
ADAP,4,17,11,300.0,2025-07-30
ADIL,2,62,24,100.0,2025-07-30
AGI,1,31,21,0.0,2025-07-30
AIN,1,9,3,0.0,2025-07-30
AMD,9,9312,767,800.0,2025-07-30
AMZN,1,293,64,0.0,2025-07-30
ANVS,1,5,8,0.0,2025-07-30
API,2,6,5,100.0,2025-07-30
APP,1,3315,199,0.0,2025-07-30
APPS,1,13,12,0.0,2025-07-30
AREN,6,292,168,500.0,2025-07-30
ASML,1,98,15,0.0,2025-07-30
ASPI,2,1,8,100.0,2025-07-30
ASTS,1,16,9,0.0,2025-07-30
ASX,1,3,1,0.0,2025-07-30
ATHS,1,76,76,0.0,2025-07-30
ATYR,2,42,29,100.0,2025-07-30
AU,2,5,2,100.0,2025-07-30
BA,2,294,70,100.0,2025-07-30
BBAI,1,5,7,0.0,2025-07-30
BIO,4,79,43,300.0,2025-07-30
BKNG,1,293,64,0.0,2025-07-30
BNGO,1,3,3,0.0,2025-07-30
BR,1,0,3,0.0,2025-07-30
BRO,2,13,19,100.0,2025-07-30
BROS,1,101,35,0.0,2025-07-30
BTU,1,6,1,0.0,2025-07-30
BV,1,7,7,0.0,2025-07-30
CAPS,1,39,3,0.0,2025-07-30
CARS,1,218,38,0.0,2025-07-30
CC,1,9,24,0.0,2025-07-30
CCS,1,9,24,0.0,2025-07-30
CELC,1,13,12,0.0,2025-07-30
CHSN,3,173,162,200.0,2025-07-30
CLOV,1,2126,236,0.0,2025-07-30
CPA,1,58757,554,0.0,2025-07-30
CRSP,1,13,12,0.0,2025-07-30
CVNA,1,1,1,0.0,2025-07-30
CZR,1,36,39,0.0,2025-07-30
DEC,1,36,22,0.0,2025-07-30
DEVS,1,3,1,0.0,2025-07-30
DOCN,1,291,115,0.0,2025-07-30
DRRX,1,12,15,0.0,2025-07-30
DTC,2,168,54,100.0,2025-07-30
DYNX,1,13,12,0.0,2025-07-30
DYNXW,1,13,12,0.0,2025-07-30
ELV,1,111,172,0.0,2025-07-30
EMA,1,30,59,0.0,2025-07-30
EOD,1,78,36,0.0,2025-07-30
ESP,1,55,88,0.0,2025-07-30
ET,1,1,6,0.0,2025-07-30
FLWS,1,16,9,0.0,2025-07-30
FUBO,1,148,42,0.0,2025-07-30
GF,1,0,3,0.0,2025-07-30
GIBO,5,148,221,400.0,2025-07-30
GLXY,2,179,129,100.0,2025-07-30
GOOGL,2,1256,392,100.0,2025-07-30
GRAB,1,2,3,0.0,2025-07-30
GTI,1,0,29,0.0,2025-07-30
HCTI,4,95,57,300.0,2025-07-30
HL,1,15,11,0.0,2025-07-30
HOOD,2,576,243,100.0,2025-07-30
HUBS,1,515,212,0.0,2025-07-30
IBKR,2,29,5,100.0,2025-07-30
IBRX,1,29,15,0.0,2025-07-30
ICU,2,18,19,100.0,2025-07-30
IMG,1,13,23,0.0,2025-07-30
IMO,1,35,47,0.0,2025-07-30
INTC,1,473,101,0.0,2025-07-30
IONQ,1,609,240,0.0,2025-07-30
IOVA,1,44,24,0.0,2025-07-30
IP,2,4,4,100.0,2025-07-30
IR,2,40,34,100.0,2025-07-30
IX,1,41,19,0.0,2025-07-30
IXHL,2,62,24,100.0,2025-07-30
KR,1,50,11,0.0,2025-07-30
KSS,3,672,137,200.0,2025-07-30
LB,1,515,212,0.0,2025-07-30
LCID,1,9,4,0.0,2025-07-30
LGPS,1,13,12,0.0,2025-07-30
LIDR,1,13,12,0.0,2025-07-30
LYRA,1,41,19,0.0,2025-07-30
MBOT,1,26,29,0.0,2025-07-30
MBRX,1,2,2,0.0,2025-07-30
META,1,293,64,0.0,2025-07-30
MP,2,6917,761,100.0,2025-07-30
MSTR,1,39,18,0.0,2025-07-30
MULN,1,0,29,0.0,2025-07-30
MVIS,1,13,5,0.0,2025-07-30
MVST,1,10,8,0.0,2025-07-30
NCNA,2,55,38,100.0,2025-07-30
NEGG,2,21,23,100.0,2025-07-30
NEHC,1,8,5,0.0,2025-07-30
NIO,1,20,8,0.0,2025-07-30
NPV,1,515,212,0.0,2025-07-30
NVDA,3,107,53,200.0,2025-07-30
NVNI,2,49,40,100.0,2025-07-30
NVO,2,971,388,100.0,2025-07-30
NVTS,1,13,12,0.0,2025-07-30
OI,3,999,248,200.0,2025-07-30
OLB,2,55,66,100.0,2025-07-30
OP,1,4,40,0.0,2025-07-30
OPEN,3,1674,332,200.0,2025-07-30
OPTT,1,0,34,0.0,2025-07-30
OZ,2,1,9,100.0,2025-07-30
PB,1,0,34,0.0,2025-07-30
PD,1,5,8,0.0,2025-07-30
PEW,2,269,174,100.0,2025-07-30
PFS,1,515,212,0.0,2025-07-30
PFSA,1,14,24,0.0,2025-07-30
PG,1,1,6,0.0,2025-07-30
PLTR,4,3404,930,300.0,2025-07-30
PM,1,1,1,0.0,2025-07-30
PR,5,49,58,400.0,2025-07-30
PSTV,1,21,18,0.0,2025-07-30
PYPL,1,1,6,0.0,2025-07-30
QS,1,125,33,0.0,2025-07-30
RADX,1,3,1,0.0,2025-07-30
RC,1,2,1,0.0,2025-07-30
RCAT,1,0,34,0.0,2025-07-30
RDDT,3,347,217,200.0,2025-07-30
RF,1,0,1,0.0,2025-07-30
RGEN,1,13,23,0.0,2025-07-30
RH,1,3775,690,0.0,2025-07-30
RIME,1,2,6,0.0,2025-07-30
RIVN,1,36,40,0.0,2025-07-30
RKT,3,171,43,300.0,2025-07-30
ROKU,1,293,64,0.0,2025-07-30
RR,1,9,3,0.0,2025-07-30
RS,5,1136,285,400.0,2025-07-30
RSI,2,394,210,100.0,2025-07-30
SBET,2,216,82,100.0,2025-07-30
SCD,2,18,19,100.0,2025-07-30
SEZL,1,0,8,0.0,2025-07-30
SMCI,2,312,77,100.0,2025-07-30
SNTI,1,3,3,0.0,2025-07-30
SOFI,4,2408,424,300.0,2025-07-30
SOUN,3,82,62,200.0,2025-07-30
SOWG,1,7,7,0.0,2025-07-30
SPOT,2,1392,342,100.0,2025-07-30
SRPT,5,164,169,400.0,2025-07-30
SST,1,11,1,0.0,2025-07-30
STAI,1,15,11,0.0,2025-07-30
STR,1,36,39,0.0,2025-07-30
SU,1,6614,386,0.0,2025-07-30
THC,1,5,17,0.0,2025-07-30
TLRY,1,103,59,0.0,2025-07-30
TNFA,1,14,8,0.0,2025-07-30
TSLA,6,516,141,500.0,2025-07-30
UBER,1,2,3,0.0,2025-07-30
UNH,5,927,592,400.0,2025-07-30
UPS,3,5,50,200.0,2025-07-30
USAS,1,2,1,0.0,2025-07-30
UUUU,3,6918,767,200.0,2025-07-30
VAPE,1,9,11,0.0,2025-07-30
VENU,1,148,42,0.0,2025-07-30
VGZ,1,3,1,0.0,2025-07-30
VWAV,1,0,1,0.0,2025-07-30
WEN,1,193,69,0.0,2025-07-30
WKSP,1,21,5,0.0,2025-07-30
WLGS,1,115,92,0.0,2025-07-30
WT,1,6,1,0.0,2025-07-30
YHC,3,43,63,200.0,2025-07-30
ABNB,1,282,179,0.0,2025-07-30
AC,1,0,2,0.0,2025-07-30
ADAP,4,17,11,300.0,2025-07-30
ADIL,2,62,24,100.0,2025-07-30
AGI,1,29,21,0.0,2025-07-30
AIN,1,8,3,0.0,2025-07-30
AMD,8,9282,764,700.0,2025-07-30
AMZN,1,291,64,0.0,2025-07-30
ANVS,1,6,8,0.0,2025-07-30
API,2,6,5,100.0,2025-07-30
APP,1,3320,199,0.0,2025-07-30
APPS,1,15,12,0.0,2025-07-30
AREN,6,290,168,500.0,2025-07-30
ASML,1,95,15,0.0,2025-07-30
ASPI,2,3,8,100.0,2025-07-30
ASTS,1,16,9,0.0,2025-07-30
ASX,1,3,1,0.0,2025-07-30
ATHS,1,79,76,0.0,2025-07-30
ATYR,2,40,29,100.0,2025-07-30
AU,2,5,2,100.0,2025-07-30
BA,2,294,70,100.0,2025-07-30
BBAI,1,4,7,0.0,2025-07-30
BIO,4,81,43,300.0,2025-07-30
BKNG,1,291,64,0.0,2025-07-30
BNGO,1,3,3,0.0,2025-07-30
BR,1,0,3,0.0,2025-07-30
BRO,2,11,19,100.0,2025-07-30
BROS,1,109,35,0.0,2025-07-30
BTU,1,6,1,0.0,2025-07-30
BV,1,7,7,0.0,2025-07-30
CAPS,1,37,3,0.0,2025-07-30
CARS,1,216,38,0.0,2025-07-30
CC,1,7,24,0.0,2025-07-30
CCS,1,7,24,0.0,2025-07-30
CELC,1,15,12,0.0,2025-07-30
CHSN,3,172,162,200.0,2025-07-30
CLOV,1,2129,236,0.0,2025-07-30
CPA,1,58760,554,0.0,2025-07-30
CRSP,1,14,12,0.0,2025-07-30
CVNA,1,1,1,0.0,2025-07-30
CZR,1,37,39,0.0,2025-07-30
DEC,1,37,22,0.0,2025-07-30
DEVS,1,3,1,0.0,2025-07-30
DOCN,1,292,115,0.0,2025-07-30
DRRX,1,10,15,0.0,2025-07-30
DTC,2,166,54,100.0,2025-07-30
DYNX,1,15,12,0.0,2025-07-30
DYNXW,1,15,12,0.0,2025-07-30
ELV,1,111,172,0.0,2025-07-30
EMA,1,27,59,0.0,2025-07-30
EOD,1,76,36,0.0,2025-07-30
ESP,1,54,88,0.0,2025-07-30
ET,1,3,6,0.0,2025-07-30
FLWS,1,15,9,0.0,2025-07-30
FUBO,1,146,42,0.0,2025-07-30
GF,1,0,3,0.0,2025-07-30
GIBO,5,146,221,400.0,2025-07-30
GLXY,2,178,129,100.0,2025-07-30
GOOGL,2,1262,392,100.0,2025-07-30
GRAB,1,3,3,0.0,2025-07-30
GTI,1,0,29,0.0,2025-07-30
HCTI,4,94,57,300.0,2025-07-30
HL,1,14,11,0.0,2025-07-30
HOOD,2,573,243,100.0,2025-07-30
HUBS,1,512,212,0.0,2025-07-30
IBKR,2,25,5,100.0,2025-07-30
IBRX,1,27,15,0.0,2025-07-30
ICU,2,18,19,100.0,2025-07-30
IMG,1,11,23,0.0,2025-07-30
IMO,1,33,47,0.0,2025-07-30
INTC,1,480,101,0.0,2025-07-30
IONQ,1,610,240,0.0,2025-07-30
IOVA,1,41,24,0.0,2025-07-30
IP,2,4,4,100.0,2025-07-30
IR,2,41,34,100.0,2025-07-30
IX,1,42,19,0.0,2025-07-30
IXHL,2,62,24,100.0,2025-07-30
KR,1,49,11,0.0,2025-07-30
KSS,3,671,137,200.0,2025-07-30
LB,1,512,212,0.0,2025-07-30
LCID,1,9,4,0.0,2025-07-30
LGPS,1,15,12,0.0,2025-07-30
LIDR,1,15,12,0.0,2025-07-30
LYRA,1,42,19,0.0,2025-07-30
MBOT,1,26,29,0.0,2025-07-30
MBRX,1,2,2,0.0,2025-07-30
META,1,291,64,0.0,2025-07-30
MP,2,6915,761,100.0,2025-07-30
MSTR,1,38,18,0.0,2025-07-30
MULN,1,0,29,0.0,2025-07-30
MVIS,1,13,5,0.0,2025-07-30
MVST,1,11,8,0.0,2025-07-30
NCNA,2,55,38,100.0,2025-07-30
NEGG,2,22,23,100.0,2025-07-30
NEHC,1,9,5,0.0,2025-07-30
NIO,1,20,8,0.0,2025-07-30
NPV,1,512,212,0.0,2025-07-30
NVDA,3,105,53,200.0,2025-07-30
NVNI,2,48,40,100.0,2025-07-30
NVO,2,975,388,100.0,2025-07-30
NVTS,1,15,12,0.0,2025-07-30
OI,3,1005,248,200.0,2025-07-30
OLB,2,54,66,100.0,2025-07-30
OP,1,1,40,0.0,2025-07-30
OPEN,3,1672,332,200.0,2025-07-30
OPTT,1,0,34,0.0,2025-07-30
OZ,2,3,9,100.0,2025-07-30
PB,1,0,34,0.0,2025-07-30
PD,1,6,8,0.0,2025-07-30
PEW,2,266,174,100.0,2025-07-30
PFS,1,512,212,0.0,2025-07-30
PFSA,1,17,24,0.0,2025-07-30
PG,1,3,6,0.0,2025-07-30
PLTR,4,3412,930,300.0,2025-07-30
PM,1,1,1,0.0,2025-07-30
PR,5,51,58,400.0,2025-07-30
PSTV,1,23,18,0.0,2025-07-30
PYPL,1,3,6,0.0,2025-07-30
QS,1,123,33,0.0,2025-07-30
RADX,1,3,1,0.0,2025-07-30
RC,1,2,1,0.0,2025-07-30
RCAT,1,0,34,0.0,2025-07-30
RDDT,3,350,217,200.0,2025-07-30
RF,1,0,1,0.0,2025-07-30
RGEN,1,11,23,0.0,2025-07-30
RH,1,3776,690,0.0,2025-07-30
RIME,1,2,6,0.0,2025-07-30
RIVN,1,35,40,0.0,2025-07-30
RKT,3,166,43,300.0,2025-07-30
ROKU,1,291,64,0.0,2025-07-30
RR,1,8,3,0.0,2025-07-30
RS,5,1135,285,400.0,2025-07-30
RSI,2,399,210,100.0,2025-07-30
SBET,2,218,82,100.0,2025-07-30
SCD,2,18,19,100.0,2025-07-30
SEZL,1,0,8,0.0,2025-07-30
SMCI,2,313,77,100.0,2025-07-30
SNTI,1,3,3,0.0,2025-07-30
SOFI,4,2407,424,300.0,2025-07-30
SOUN,3,82,62,200.0,2025-07-30
SOWG,1,7,7,0.0,2025-07-30
SPOT,2,1397,342,100.0,2025-07-30
SRPT,5,172,169,400.0,2025-07-30
SST,1,11,1,0.0,2025-07-30
STAI,1,14,11,0.0,2025-07-30
STR,1,37,39,0.0,2025-07-30
SU,1,6614,386,0.0,2025-07-30
THC,1,7,17,0.0,2025-07-30
TLRY,1,98,59,0.0,2025-07-30
TNFA,1,15,8,0.0,2025-07-30
TSLA,6,517,141,500.0,2025-07-30
UBER,1,3,3,0.0,2025-07-30
UNH,5,937,592,400.0,2025-07-30
UPS,3,6,50,200.0,2025-07-30
USAS,1,2,1,0.0,2025-07-30
UUUU,3,6918,767,200.0,2025-07-30
VAPE,1,7,11,0.0,2025-07-30
VENU,1,146,42,0.0,2025-07-30
VGZ,1,3,1,0.0,2025-07-30
VWAV,1,0,1,0.0,2025-07-30
WEN,1,189,69,0.0,2025-07-30
WKSP,1,20,5,0.0,2025-07-30
WLGS,1,116,92,0.0,2025-07-30
WT,1,6,1,0.0,2025-07-30
YHC,3,44,63,200.0,2025-07-30
ABNB,1,287,179,0.0,2025-07-30
AC,1,0,2,0.0,2025-07-30
ADAP,4,16,11,300.0,2025-07-30
ADIL,2,64,24,100.0,2025-07-30
AGI,1,27,21,0.0,2025-07-30
AIN,1,8,3,0.0,2025-07-30
AMD,9,9305,767,800.0,2025-07-30
AMZN,1,288,64,0.0,2025-07-30
ANVS,1,5,8,0.0,2025-07-30
API,2,5,5,100.0,2025-07-30
APP,1,3312,199,0.0,2025-07-30
APPS,1,15,12,0.0,2025-07-30
AREN,6,290,168,500.0,2025-07-30
ASML,1,96,15,0.0,2025-07-30
ASPI,2,2,8,100.0,2025-07-30
ASTS,1,16,9,0.0,2025-07-30
ASX,1,3,1,0.0,2025-07-30
ATHS,1,80,76,0.0,2025-07-30
ATYR,2,41,29,100.0,2025-07-30
AU,2,5,2,100.0,2025-07-30
BA,2,290,70,100.0,2025-07-30
BBAI,1,4,7,0.0,2025-07-30
BIO,4,82,43,300.0,2025-07-30
BKNG,1,288,64,0.0,2025-07-30
BNGO,1,2,3,0.0,2025-07-30
BR,1,0,3,0.0,2025-07-30
BRO,2,12,19,100.0,2025-07-30
BROS,1,105,35,0.0,2025-07-30
BTU,1,5,1,0.0,2025-07-30
BV,1,6,7,0.0,2025-07-30
CAPS,1,36,3,0.0,2025-07-30
CARS,1,216,38,0.0,2025-07-30
CC,1,6,24,0.0,2025-07-30
CCS,1,6,24,0.0,2025-07-30
CELC,1,15,12,0.0,2025-07-30
CHSN,3,173,162,200.0,2025-07-30
CLOV,1,2120,236,0.0,2025-07-30
CPA,1,58755,554,0.0,2025-07-30
CRSP,1,13,12,0.0,2025-07-30
CVNA,1,1,1,0.0,2025-07-30
CZR,1,35,39,0.0,2025-07-30
DEC,1,36,22,0.0,2025-07-30
DEVS,1,3,1,0.0,2025-07-30
DOCN,1,291,115,0.0,2025-07-30
DRRX,1,11,15,0.0,2025-07-30
DTC,2,166,54,100.0,2025-07-30
DYNX,1,15,12,0.0,2025-07-30
DYNXW,1,15,12,0.0,2025-07-30
ELV,1,109,172,0.0,2025-07-30
EMA,1,28,59,0.0,2025-07-30
EOD,1,77,36,0.0,2025-07-30
ESP,1,53,88,0.0,2025-07-30
ET,1,2,6,0.0,2025-07-30
FLWS,1,16,9,0.0,2025-07-30
FUBO,1,148,42,0.0,2025-07-30
GF,1,0,3,0.0,2025-07-30
GIBO,5,146,221,400.0,2025-07-30
GLXY,2,176,129,100.0,2025-07-30
GOOGL,2,1260,392,100.0,2025-07-30
GRAB,1,3,3,0.0,2025-07-30
GTI,1,0,30,0.0,2025-07-30
HCTI,4,95,57,300.0,2025-07-30
HL,1,14,11,0.0,2025-07-30
HOOD,2,575,243,100.0,2025-07-30
HUBS,1,516,212,0.0,2025-07-30
IBKR,2,27,5,100.0,2025-07-30
IBRX,1,28,15,0.0,2025-07-30
ICU,2,18,19,100.0,2025-07-30
IMG,1,12,23,0.0,2025-07-30
IMO,1,31,47,0.0,2025-07-30
INTC,1,481,101,0.0,2025-07-30
IONQ,1,609,240,0.0,2025-07-30
IOVA,1,43,24,0.0,2025-07-30
IP,2,3,4,100.0,2025-07-30
IR,2,40,34,100.0,2025-07-30
IX,1,44,19,0.0,2025-07-30
IXHL,2,64,24,100.0,2025-07-30
KR,1,48,11,0.0,2025-07-30
KSS,3,670,137,200.0,2025-07-30
LB,1,516,212,0.0,2025-07-30
LCID,1,9,4,0.0,2025-07-30
LGPS,1,15,12,0.0,2025-07-30
LIDR,1,15,12,0.0,2025-07-30
LYRA,1,44,19,0.0,2025-07-30
MBOT,1,26,29,0.0,2025-07-30
MBRX,1,2,2,0.0,2025-07-30
META,1,288,64,0.0,2025-07-30
MP,2,6921,761,100.0,2025-07-30
MSTR,1,38,18,0.0,2025-07-30
MULN,1,0,29,0.0,2025-07-30
MVIS,1,12,5,0.0,2025-07-30
MVST,1,12,8,0.0,2025-07-30
NCNA,2,54,38,100.0,2025-07-30
NEGG,2,24,23,100.0,2025-07-30
NEHC,1,10,5,0.0,2025-07-30
NIO,1,19,8,0.0,2025-07-30
NPV,1,516,212,0.0,2025-07-30
NVDA,3,110,53,200.0,2025-07-30
NVNI,2,46,40,100.0,2025-07-30
NVO,2,977,388,100.0,2025-07-30
NVTS,1,15,12,0.0,2025-07-30
OI,3,998,248,200.0,2025-07-30
OLB,2,51,66,100.0,2025-07-30
OP,1,4,40,0.0,2025-07-30
OPEN,3,1676,332,200.0,2025-07-30
OPTT,1,0,34,0.0,2025-07-30
OZ,2,2,9,100.0,2025-07-30
PB,1,0,34,0.0,2025-07-30
PD,1,5,8,0.0,2025-07-30
PEW,2,271,174,100.0,2025-07-30
PFS,1,516,212,0.0,2025-07-30
PFSA,1,18,24,0.0,2025-07-30
PG,1,2,6,0.0,2025-07-30
PLTR,4,3393,930,300.0,2025-07-30
PM,1,1,1,0.0,2025-07-30
PR,5,52,58,400.0,2025-07-30
PSTV,1,22,18,0.0,2025-07-30
PYPL,1,2,6,0.0,2025-07-30
QS,1,123,33,0.0,2025-07-30
RADX,1,3,1,0.0,2025-07-30
RC,1,2,1,0.0,2025-07-30
RCAT,1,0,34,0.0,2025-07-30
RDDT,3,355,217,200.0,2025-07-30
RF,1,0,1,0.0,2025-07-30
RGEN,1,12,23,0.0,2025-07-30
RH,1,3771,690,0.0,2025-07-30
RIME,1,2,6,0.0,2025-07-30
RIVN,1,32,40,0.0,2025-07-30
RKT,3,166,43,300.0,2025-07-30
ROKU,1,288,64,0.0,2025-07-30
RR,1,8,3,0.0,2025-07-30
RS,5,1139,285,400.0,2025-07-30
RSI,2,402,210,100.0,2025-07-30
SBET,2,219,82,100.0,2025-07-30
SCD,2,18,19,100.0,2025-07-30
SEZL,1,0,8,0.0,2025-07-30
SMCI,2,313,77,100.0,2025-07-30
SNTI,1,2,3,0.0,2025-07-30
SOFI,4,2401,424,300.0,2025-07-30
SOUN,3,80,62,200.0,2025-07-30
SOWG,1,6,7,0.0,2025-07-30
SPOT,2,1397,342,100.0,2025-07-30
SRPT,5,168,169,400.0,2025-07-30
SST,1,10,1,0.0,2025-07-30
STAI,1,14,11,0.0,2025-07-30
STR,1,35,39,0.0,2025-07-30
SU,1,6608,386,0.0,2025-07-30
THC,1,6,17,0.0,2025-07-30
TLRY,1,103,59,0.0,2025-07-30
TNFA,1,14,8,0.0,2025-07-30
TSLA,6,523,141,500.0,2025-07-30
UBER,1,3,3,0.0,2025-07-30
UNH,5,930,592,400.0,2025-07-30
UPS,3,6,50,200.0,2025-07-30
USAS,1,2,1,0.0,2025-07-30
UUUU,3,6923,767,200.0,2025-07-30
VAPE,1,7,11,0.0,2025-07-30
VENU,1,148,42,0.0,2025-07-30
VGZ,1,3,1,0.0,2025-07-30
VWAV,1,0,1,0.0,2025-07-30
WEN,1,191,69,0.0,2025-07-30
WKSP,1,20,5,0.0,2025-07-30
WLGS,1,115,92,0.0,2025-07-30
WT,1,5,1,0.0,2025-07-30
YHC,3,44,63,200.0,2025-07-30
ABNB,1,288,179,0.0,2025-07-30
AC,1,0,2,0.0,2025-07-30
ADAP,4,15,11,300.0,2025-07-30
ADIL,2,63,24,100.0,2025-07-30
AGI,1,30,21,0.0,2025-07-30
AIN,1,10,3,0.0,2025-07-30
AMD,9,9319,767,800.0,2025-07-30
AMZN,1,287,64,0.0,2025-07-30
ANVS,1,5,8,0.0,2025-07-30
API,2,6,5,100.0,2025-07-30
APP,1,3317,199,0.0,2025-07-30
APPS,1,15,12,0.0,2025-07-30
AREN,6,291,168,500.0,2025-07-30
ASML,1,101,15,0.0,2025-07-30
ASPI,2,2,8,100.0,2025-07-30
ASTS,1,16,9,0.0,2025-07-30
ASX,1,3,1,0.0,2025-07-30
ATHS,1,78,76,0.0,2025-07-30
ATYR,2,38,29,100.0,2025-07-30
AU,2,5,2,100.0,2025-07-30
BA,2,289,70,100.0,2025-07-30
BBAI,1,4,7,0.0,2025-07-30
BIO,4,79,43,300.0,2025-07-30
BKNG,1,287,64,0.0,2025-07-30
BNGO,1,1,3,0.0,2025-07-30
BR,1,0,3,0.0,2025-07-30
BRO,2,11,19,100.0,2025-07-30
BROS,1,107,35,0.0,2025-07-30
BTU,1,6,1,0.0,2025-07-30
BV,1,8,7,0.0,2025-07-30
CAPS,1,37,3,0.0,2025-07-30
CARS,1,218,38,0.0,2025-07-30
CC,1,6,24,0.0,2025-07-30
CCS,1,6,24,0.0,2025-07-30
CELC,1,15,12,0.0,2025-07-30
CHSN,3,172,162,200.0,2025-07-30
CLOV,1,2128,236,0.0,2025-07-30
CPA,1,58759,554,0.0,2025-07-30
CRSP,1,13,12,0.0,2025-07-30
CVNA,1,1,1,0.0,2025-07-30
CZR,1,35,39,0.0,2025-07-30
DEC,1,36,22,0.0,2025-07-30
DEVS,1,3,1,0.0,2025-07-30
DOCN,1,297,115,0.0,2025-07-30
DRRX,1,11,15,0.0,2025-07-30
DTC,2,166,54,100.0,2025-07-30
DYNX,1,15,12,0.0,2025-07-30
DYNXW,1,15,12,0.0,2025-07-30
ELV,1,112,172,0.0,2025-07-30
EMA,1,30,59,0.0,2025-07-30
EOD,1,78,36,0.0,2025-07-30
ESP,1,52,88,0.0,2025-07-30
ET,1,2,6,0.0,2025-07-30
FLWS,1,15,9,0.0,2025-07-30
FUBO,1,149,42,0.0,2025-07-30
GF,1,0,3,0.0,2025-07-30
GIBO,5,148,221,400.0,2025-07-30
GLXY,2,183,129,100.0,2025-07-30
GOOGL,2,1266,392,100.0,2025-07-30
GRAB,1,4,3,0.0,2025-07-30
GTI,1,0,30,0.0,2025-07-30
HCTI,4,94,57,300.0,2025-07-30
HL,1,13,11,0.0,2025-07-30
HOOD,2,575,243,100.0,2025-07-30
HUBS,1,509,212,0.0,2025-07-30
IBKR,2,25,5,100.0,2025-07-30
IBRX,1,28,15,0.0,2025-07-30
ICU,2,18,19,100.0,2025-07-30
IMG,1,10,23,0.0,2025-07-30
IMO,1,33,47,0.0,2025-07-30
INTC,1,477,101,0.0,2025-07-30
IONQ,1,608,240,0.0,2025-07-30
IOVA,1,42,24,0.0,2025-07-30
IP,2,2,4,100.0,2025-07-30
IR,2,43,34,100.0,2025-07-30
IX,1,43,19,0.0,2025-07-30
IXHL,2,63,24,100.0,2025-07-30
KR,1,51,11,0.0,2025-07-30
KSS,3,668,137,200.0,2025-07-30
LB,1,509,212,0.0,2025-07-30
LCID,1,7,4,0.0,2025-07-30
LGPS,1,15,12,0.0,2025-07-30
LIDR,1,15,12,0.0,2025-07-30
LYRA,1,43,19,0.0,2025-07-30
MBOT,1,26,29,0.0,2025-07-30
MBRX,1,2,2,0.0,2025-07-30
META,1,287,64,0.0,2025-07-30
MP,2,6911,761,100.0,2025-07-30
MSTR,1,39,18,0.0,2025-07-30
MULN,1,0,29,0.0,2025-07-30
MVIS,1,12,5,0.0,2025-07-30
MVST,1,11,8,0.0,2025-07-30
NCNA,2,54,38,100.0,2025-07-30
NEGG,2,23,23,100.0,2025-07-30
NEHC,1,10,5,0.0,2025-07-30
NIO,1,20,8,0.0,2025-07-30
NPV,1,509,212,0.0,2025-07-30
NVDA,3,108,53,200.0,2025-07-30
NVNI,2,47,40,100.0,2025-07-30
NVO,2,979,388,100.0,2025-07-30
NVTS,1,15,12,0.0,2025-07-30
OI,3,1001,248,200.0,2025-07-30
OLB,2,53,66,100.0,2025-07-30
OP,1,2,40,0.0,2025-07-30
OPEN,3,1672,332,200.0,2025-07-30
OPTT,1,0,34,0.0,2025-07-30
OZ,2,2,9,100.0,2025-07-30
PB,1,0,34,0.0,2025-07-30
PD,1,5,8,0.0,2025-07-30
PEW,2,269,174,100.0,2025-07-30
PFS,1,509,212,0.0,2025-07-30
PFSA,1,16,24,0.0,2025-07-30
PG,1,2,6,0.0,2025-07-30
PLTR,4,3404,930,300.0,2025-07-30
PM,1,1,1,0.0,2025-07-30
PR,5,50,58,400.0,2025-07-30
PSTV,1,25,18,0.0,2025-07-30
PYPL,1,2,6,0.0,2025-07-30
QS,1,122,33,0.0,2025-07-30
RADX,1,3,1,0.0,2025-07-30
RC,1,2,1,0.0,2025-07-30
RCAT,1,0,34,0.0,2025-07-30
RDDT,3,358,217,200.0,2025-07-30
RF,1,0,1,0.0,2025-07-30
RGEN,1,10,23,0.0,2025-07-30
RH,1,3765,690,0.0,2025-07-30
RIME,1,2,6,0.0,2025-07-30
RIVN,1,34,40,0.0,2025-07-30
RKT,3,166,43,300.0,2025-07-30
ROKU,1,287,64,0.0,2025-07-30
RR,1,10,3,0.0,2025-07-30
RS,5,1136,285,400.0,2025-07-30
RSI,2,401,210,100.0,2025-07-30
SBET,2,218,82,100.0,2025-07-30
SCD,2,18,19,100.0,2025-07-30
SEZL,1,0,8,0.0,2025-07-30
SMCI,2,305,77,100.0,2025-07-30
SNTI,1,1,3,0.0,2025-07-30
SOFI,4,2403,424,300.0,2025-07-30
SOUN,3,81,62,200.0,2025-07-30
SOWG,1,8,7,0.0,2025-07-30
SPOT,2,1395,342,100.0,2025-07-30
SRPT,5,166,169,400.0,2025-07-30
SST,1,10,1,0.0,2025-07-30
STAI,1,13,11,0.0,2025-07-30
STR,1,35,39,0.0,2025-07-30
SU,1,6614,386,0.0,2025-07-30
THC,1,5,17,0.0,2025-07-30
TLRY,1,100,59,0.0,2025-07-30
TNFA,1,14,8,0.0,2025-07-30
TSLA,6,520,141,500.0,2025-07-30
UBER,1,4,3,0.0,2025-07-30
UNH,5,939,592,400.0,2025-07-30
UPS,3,4,50,200.0,2025-07-30
USAS,1,2,1,0.0,2025-07-30
UUUU,3,6913,767,200.0,2025-07-30
VAPE,1,7,11,0.0,2025-07-30
VENU,1,149,42,0.0,2025-07-30
VGZ,1,3,1,0.0,2025-07-30
VWAV,1,0,1,0.0,2025-07-30
WEN,1,187,69,0.0,2025-07-30
WKSP,1,20,5,0.0,2025-07-30
WLGS,1,117,92,0.0,2025-07-30
WT,1,6,1,0.0,2025-07-30
YHC,3,42,63,200.0,2025-07-30
ABNB,1,290,181,0.0,2025-07-30
AC,1,0,2,0.0,2025-07-30
ADAP,4,15,11,300.0,2025-07-30
ADIL,2,64,24,100.0,2025-07-30
AGI,1,29,21,0.0,2025-07-30
AIN,1,9,3,0.0,2025-07-30
AMD,9,9320,767,800.0,2025-07-30
AMZN,1,291,64,0.0,2025-07-30
ANVS,1,5,8,0.0,2025-07-30
API,2,6,5,100.0,2025-07-30
APP,1,3312,199,0.0,2025-07-30
APPS,1,13,12,0.0,2025-07-30
AREN,6,292,168,500.0,2025-07-30
ASML,1,96,15,0.0,2025-07-30
ASPI,2,2,8,100.0,2025-07-30
ASTS,1,17,10,0.0,2025-07-30
ASX,1,3,1,0.0,2025-07-30
ATHS,1,76,76,0.0,2025-07-30
ATYR,2,41,29,100.0,2025-07-30
AU,2,5,2,100.0,2025-07-30
BA,2,293,70,100.0,2025-07-30
BBAI,1,5,7,0.0,2025-07-30
BIO,4,83,43,300.0,2025-07-30
BKNG,1,291,64,0.0,2025-07-30
BNGO,1,1,3,0.0,2025-07-30
BR,1,0,3,0.0,2025-07-30
BRO,2,12,19,100.0,2025-07-30
BROS,1,104,35,0.0,2025-07-30
BTU,1,6,1,0.0,2025-07-30
BV,1,8,7,0.0,2025-07-30
CAPS,1,37,3,0.0,2025-07-30
CARS,1,216,38,0.0,2025-07-30
CC,1,6,24,0.0,2025-07-30
CCS,1,6,24,0.0,2025-07-30
CELC,1,13,12,0.0,2025-07-30
CHSN,3,172,162,200.0,2025-07-30
CLOV,1,2124,236,0.0,2025-07-30
CPA,1,58753,554,0.0,2025-07-30
CRSP,1,14,12,0.0,2025-07-30
CVNA,1,1,1,0.0,2025-07-30
CZR,1,35,39,0.0,2025-07-30
DEC,1,36,22,0.0,2025-07-30
DEVS,1,3,1,0.0,2025-07-30
DOCN,1,291,115,0.0,2025-07-30
DRRX,1,12,15,0.0,2025-07-30
DTC,2,164,54,100.0,2025-07-30
DYNX,1,13,12,0.0,2025-07-30
DYNXW,1,13,12,0.0,2025-07-30
ELV,1,117,172,0.0,2025-07-30
EMA,1,28,59,0.0,2025-07-30
EOD,1,83,37,0.0,2025-07-30
ESP,1,49,88,0.0,2025-07-30
ET,1,2,6,0.0,2025-07-30
FLWS,1,14,9,0.0,2025-07-30
FUBO,1,152,42,0.0,2025-07-30
GF,1,0,3,0.0,2025-07-30
GIBO,5,148,221,400.0,2025-07-30
GLXY,2,177,129,100.0,2025-07-30
GOOGL,2,1265,394,100.0,2025-07-30
GRAB,1,2,4,0.0,2025-07-30
GTI,1,2,33,0.0,2025-07-30
HCTI,4,93,57,300.0,2025-07-30
HL,1,14,11,0.0,2025-07-30
HOOD,2,581,245,100.0,2025-07-30
HUBS,1,519,212,0.0,2025-07-30
IBKR,2,28,5,100.0,2025-07-30
IBRX,1,29,15,0.0,2025-07-30
ICU,2,19,20,100.0,2025-07-30
IMG,1,11,23,0.0,2025-07-30
IMO,1,33,47,0.0,2025-07-30
INTC,1,480,101,0.0,2025-07-30
IONQ,1,607,241,0.0,2025-07-30
IOVA,1,42,24,0.0,2025-07-30
IP,2,2,4,100.0,2025-07-30
IR,2,41,34,100.0,2025-07-30
IX,1,44,19,0.0,2025-07-30
IXHL,3,65,25,200.0,2025-07-30
KR,1,49,11,0.0,2025-07-30
KSS,3,666,137,200.0,2025-07-30
LB,1,519,212,0.0,2025-07-30
LCID,1,7,4,0.0,2025-07-30
LGPS,1,13,12,0.0,2025-07-30
LIDR,1,13,12,0.0,2025-07-30
LYRA,1,44,19,0.0,2025-07-30
MBOT,1,26,29,0.0,2025-07-30
MBRX,1,2,2,0.0,2025-07-30
META,1,291,64,0.0,2025-07-30
MP,2,6924,761,100.0,2025-07-30
MSTR,1,39,18,0.0,2025-07-30
MULN,1,0,29,0.0,2025-07-30
MVIS,1,11,5,0.0,2025-07-30
MVST,1,12,8,0.0,2025-07-30
NCNA,2,54,38,100.0,2025-07-30
NEGG,2,24,23,100.0,2025-07-30
NEHC,1,9,5,0.0,2025-07-30
NIO,1,20,8,0.0,2025-07-30
NPV,1,519,212,0.0,2025-07-30
NVDA,3,105,53,200.0,2025-07-30
NVNI,2,49,40,100.0,2025-07-30
NVO,2,979,389,100.0,2025-07-30
NVTS,1,13,12,0.0,2025-07-30
OI,3,1000,248,200.0,2025-07-30
OLB,2,54,66,100.0,2025-07-30
OP,1,3,40,0.0,2025-07-30
OPEN,3,1673,332,200.0,2025-07-30
OPTT,1,0,34,0.0,2025-07-30
OZ,2,2,9,100.0,2025-07-30
PB,1,0,34,0.0,2025-07-30
PD,1,5,8,0.0,2025-07-30
PEW,2,267,174,100.0,2025-07-30
PFS,1,519,212,0.0,2025-07-30
PFSA,1,16,24,0.0,2025-07-30
PG,1,2,6,0.0,2025-07-30
PLTR,4,3398,930,300.0,2025-07-30
PM,1,1,1,0.0,2025-07-30
PR,5,51,58,400.0,2025-07-30
PSTV,1,23,18,0.0,2025-07-30
PYPL,1,2,6,0.0,2025-07-30
QS,1,123,33,0.0,2025-07-30
RADX,1,3,1,0.0,2025-07-30
RC,1,2,1,0.0,2025-07-30
RCAT,1,0,34,0.0,2025-07-30
RDDT,3,357,219,200.0,2025-07-30
RF,1,0,1,0.0,2025-07-30
RGEN,1,11,23,0.0,2025-07-30
RH,1,3781,690,0.0,2025-07-30
RIME,1,2,6,0.0,2025-07-30
RIVN,1,37,40,0.0,2025-07-30
RKT,3,165,43,300.0,2025-07-30
ROKU,1,291,64,0.0,2025-07-30
RR,1,9,3,0.0,2025-07-30
RS,5,1140,285,400.0,2025-07-30
RSI,2,401,210,100.0,2025-07-30
SBET,2,217,82,100.0,2025-07-30
SCD,2,19,20,100.0,2025-07-30
SEZL,1,0,8,0.0,2025-07-30
SKYX,1,5,1,0.0,2025-07-30
SMCI,2,311,77,100.0,2025-07-30
SNTI,1,1,3,0.0,2025-07-30
SOFI,4,2402,424,300.0,2025-07-30
SOUN,3,79,62,200.0,2025-07-30
SOWG,1,8,7,0.0,2025-07-30
SPOT,2,1395,343,100.0,2025-07-30
SRPT,5,163,169,400.0,2025-07-30
SST,1,10,1,0.0,2025-07-30
STAI,1,14,11,0.0,2025-07-30
STR,1,35,39,0.0,2025-07-30
SU,1,6617,386,0.0,2025-07-30
THC,1,6,17,0.0,2025-07-30
TLRY,1,99,59,0.0,2025-07-30
TNFA,1,14,8,0.0,2025-07-30
TSLA,6,516,141,500.0,2025-07-30
UBER,1,2,4,0.0,2025-07-30
UNH,5,939,592,400.0,2025-07-30
UPS,3,4,50,200.0,2025-07-30
USAS,1,2,1,0.0,2025-07-30
UUUU,3,6926,767,200.0,2025-07-30
VAPE,1,9,11,0.0,2025-07-30
VENU,1,152,42,0.0,2025-07-30
VGZ,1,3,1,0.0,2025-07-30
VWAV,1,0,1,0.0,2025-07-30
WEN,1,190,69,0.0,2025-07-30
WKSP,1,20,5,0.0,2025-07-30
WLGS,1,116,92,0.0,2025-07-30
WT,1,6,1,0.0,2025-07-30
YHC,3,43,63,200.0,2025-07-30
ABNB,1,290,182,0.0,2025-07-30
AC,1,0,2,0.0,2025-07-30
ADAP,4,16,11,300.0,2025-07-30
ADIL,2,64,24,100.0,2025-07-30
AGI,1,30,23,0.0,2025-07-30
AIN,1,9,3,0.0,2025-07-30
AMD,8,9307,720,700.0,2025-07-30
AMZN,1,288,64,0.0,2025-07-30
ANVS,1,4,8,0.0,2025-07-30
API,2,6,5,100.0,2025-07-30
APP,1,3314,199,0.0,2025-07-30
APPS,1,13,12,0.0,2025-07-30
AREN,6,293,168,500.0,2025-07-30
ASML,1,97,15,0.0,2025-07-30
ASPI,2,3,8,100.0,2025-07-30
ASTS,1,16,11,0.0,2025-07-30
ASX,1,3,1,0.0,2025-07-30
ATHS,1,78,76,0.0,2025-07-30
ATYR,2,42,29,100.0,2025-07-30
AU,2,5,2,100.0,2025-07-30
BA,2,291,70,100.0,2025-07-30
BBAI,1,4,7,0.0,2025-07-30
BIO,4,81,43,300.0,2025-07-30
BKNG,1,288,64,0.0,2025-07-30
BNGO,1,2,3,0.0,2025-07-30
BR,1,0,3,0.0,2025-07-30
BRO,2,13,19,100.0,2025-07-30
BROS,1,104,35,0.0,2025-07-30
BTU,1,6,1,0.0,2025-07-30
BV,1,7,7,0.0,2025-07-30
CAPS,1,36,3,0.0,2025-07-30
CARS,1,218,38,0.0,2025-07-30
CC,1,8,24,0.0,2025-07-30
CCS,1,8,24,0.0,2025-07-30
CELC,1,13,12,0.0,2025-07-30
CHSN,3,177,162,200.0,2025-07-30
CLOV,1,2125,236,0.0,2025-07-30
CPA,1,58758,554,0.0,2025-07-30
CRSP,1,14,12,0.0,2025-07-30
CVNA,1,1,1,0.0,2025-07-30
CZR,1,35,39,0.0,2025-07-30
DEC,1,35,22,0.0,2025-07-30
DEVS,1,3,1,0.0,2025-07-30
DOCN,1,297,115,0.0,2025-07-30
DRRX,1,10,15,0.0,2025-07-30
DTC,2,166,54,100.0,2025-07-30
DYNX,1,13,12,0.0,2025-07-30
DYNXW,1,13,12,0.0,2025-07-30
ELV,1,113,172,0.0,2025-07-30
EMA,1,30,59,0.0,2025-07-30
EOD,1,85,39,0.0,2025-07-30
ESP,1,54,88,0.0,2025-07-30
ET,1,3,6,0.0,2025-07-30
FLWS,1,16,9,0.0,2025-07-30
FUBO,1,150,42,0.0,2025-07-30
GF,1,0,3,0.0,2025-07-30
GIBO,5,146,221,400.0,2025-07-30
GLXY,2,178,129,100.0,2025-07-30
GOOGL,2,1266,395,100.0,2025-07-30
GRAB,1,3,5,0.0,2025-07-30
GTI,1,2,34,0.0,2025-07-30
HCTI,4,91,57,300.0,2025-07-30
HL,1,13,11,0.0,2025-07-30
HOOD,2,578,246,100.0,2025-07-30
HUBS,1,520,212,0.0,2025-07-30
IBKR,2,27,5,100.0,2025-07-30
IBRX,1,29,15,0.0,2025-07-30
ICU,2,18,21,100.0,2025-07-30
IMG,1,12,23,0.0,2025-07-30
IMO,1,31,47,0.0,2025-07-30
INTC,1,483,101,0.0,2025-07-30
IONQ,1,609,241,0.0,2025-07-30
IOVA,1,44,24,0.0,2025-07-30
IP,2,3,4,100.0,2025-07-30
IR,2,42,34,100.0,2025-07-30
IX,1,44,19,0.0,2025-07-30
IXHL,3,65,25,200.0,2025-07-30
KR,1,49,11,0.0,2025-07-30
KSS,3,671,137,200.0,2025-07-30
LB,1,520,212,0.0,2025-07-30
LCID,1,8,4,0.0,2025-07-30
LGPS,1,13,12,0.0,2025-07-30
LIDR,1,13,12,0.0,2025-07-30
LYRA,1,44,19,0.0,2025-07-30
MBOT,1,27,29,0.0,2025-07-30
MBRX,1,2,2,0.0,2025-07-30
META,1,288,64,0.0,2025-07-30
MP,2,6926,761,100.0,2025-07-30
MSTR,1,41,18,0.0,2025-07-30
MULN,1,0,29,0.0,2025-07-30
MVIS,1,12,5,0.0,2025-07-30
MVST,1,12,8,0.0,2025-07-30
NCNA,2,52,38,100.0,2025-07-30
NEGG,2,23,23,100.0,2025-07-30
NEHC,1,9,5,0.0,2025-07-30
NIO,1,20,8,0.0,2025-07-30
NPV,1,520,212,0.0,2025-07-30
NVDA,3,106,53,200.0,2025-07-30
NVNI,2,48,40,100.0,2025-07-30
NVO,2,981,389,100.0,2025-07-30
NVTS,1,13,12,0.0,2025-07-30
OI,3,1002,248,200.0,2025-07-30
OLB,2,51,66,100.0,2025-07-30
OP,1,2,40,0.0,2025-07-30
OPEN,3,1671,332,200.0,2025-07-30
OPTT,1,0,34,0.0,2025-07-30
OZ,2,3,9,100.0,2025-07-30
PB,1,0,34,0.0,2025-07-30
PD,1,4,8,0.0,2025-07-30
PEW,2,270,174,100.0,2025-07-30
PFS,1,520,212,0.0,2025-07-30
PFSA,1,16,24,0.0,2025-07-30
PG,1,3,6,0.0,2025-07-30
PLTR,4,3400,930,300.0,2025-07-30
PM,1,1,1,0.0,2025-07-30
PR,5,52,59,400.0,2025-07-30
PSTV,1,25,18,0.0,2025-07-30
PYPL,1,3,6,0.0,2025-07-30
QS,1,123,33,0.0,2025-07-30
RADX,1,3,1,0.0,2025-07-30
RC,1,2,1,0.0,2025-07-30
RCAT,1,0,34,0.0,2025-07-30
RDDT,3,355,220,200.0,2025-07-30
RF,1,0,1,0.0,2025-07-30
RGEN,1,12,23,0.0,2025-07-30
RH,1,3792,691,0.0,2025-07-30
RIME,1,2,6,0.0,2025-07-30
RIVN,1,35,40,0.0,2025-07-30
RKT,3,168,43,300.0,2025-07-30
ROKU,1,288,64,0.0,2025-07-30
RR,1,9,3,0.0,2025-07-30
RS,5,1135,285,400.0,2025-07-30
RSI,2,402,210,100.0,2025-07-30
SBET,2,218,82,100.0,2025-07-30
SCD,2,18,21,100.0,2025-07-30
SEZL,1,0,8,0.0,2025-07-30
SKYX,1,5,1,0.0,2025-07-30
SMCI,2,309,77,100.0,2025-07-30
SNTI,1,2,3,0.0,2025-07-30
SOFI,4,2407,424,300.0,2025-07-30
SOUN,3,82,62,200.0,2025-07-30
SOWG,1,7,7,0.0,2025-07-30
SPOT,2,1396,343,100.0,2025-07-30
SRPT,5,161,169,400.0,2025-07-30
SST,1,9,1,0.0,2025-07-30
STAI,1,13,11,0.0,2025-07-30
STR,1,35,39,0.0,2025-07-30
SU,1,6618,386,0.0,2025-07-30
THC,1,7,17,0.0,2025-07-30
TLRY,1,99,59,0.0,2025-07-30
TNFA,1,13,8,0.0,2025-07-30
TSLA,6,519,142,500.0,2025-07-30
UBER,1,3,5,0.0,2025-07-30
UNH,5,939,592,400.0,2025-07-30
UPS,3,5,50,200.0,2025-07-30
USAS,1,2,1,0.0,2025-07-30
UUUU,3,6929,767,200.0,2025-07-30
VAPE,1,8,11,0.0,2025-07-30
VENU,1,150,42,0.0,2025-07-30
VGZ,1,3,1,0.0,2025-07-30
VWAV,1,0,1,0.0,2025-07-30
WEN,1,187,69,0.0,2025-07-30
WKSP,1,20,5,0.0,2025-07-30
WLGS,1,118,92,0.0,2025-07-30
WT,1,6,1,0.0,2025-07-30
YHC,3,44,63,200.0,2025-07-30
ABNB,1,294,182,0.0,2025-07-30
AC,1,0,2,0.0,2025-07-30
ADAP,4,18,11,300.0,2025-07-30
ADIL,2,63,24,100.0,2025-07-30
AGI,1,29,24,0.0,2025-07-30
AIN,1,9,3,0.0,2025-07-30
AMD,8,9307,720,700.0,2025-07-30
AMZN,1,286,64,0.0,2025-07-30
ANVS,1,5,8,0.0,2025-07-30
API,2,5,5,100.0,2025-07-30
APP,1,3313,199,0.0,2025-07-30
APPS,1,14,12,0.0,2025-07-30
AREN,6,285,168,500.0,2025-07-30
ASML,1,98,15,0.0,2025-07-30
ASPI,2,1,8,100.0,2025-07-30
ASTS,1,15,11,0.0,2025-07-30
ASX,1,3,1,0.0,2025-07-30
ATHS,1,73,76,0.0,2025-07-30
ATYR,2,39,29,100.0,2025-07-30
AU,2,5,2,100.0,2025-07-30
BA,2,287,70,100.0,2025-07-30
BBAI,1,3,7,0.0,2025-07-30
BIO,4,79,43,300.0,2025-07-30
BKNG,1,286,64,0.0,2025-07-30
BNGO,1,3,3,0.0,2025-07-30
BR,1,0,3,0.0,2025-07-30
BRO,2,13,19,100.0,2025-07-30
BROS,1,102,35,0.0,2025-07-30
BTU,1,5,1,0.0,2025-07-30
BV,1,6,7,0.0,2025-07-30
CAPS,1,37,3,0.0,2025-07-30
CARS,1,218,38,0.0,2025-07-30
CC,1,9,24,0.0,2025-07-30
CCS,1,9,24,0.0,2025-07-30
CELC,1,14,12,0.0,2025-07-30
CHSN,3,173,162,200.0,2025-07-30
CLOV,1,2124,236,0.0,2025-07-30
CPA,1,58754,554,0.0,2025-07-30
CRSP,1,13,12,0.0,2025-07-30
CVNA,1,1,1,0.0,2025-07-30
CZR,1,33,39,0.0,2025-07-30
DEC,1,34,22,0.0,2025-07-30
DEVS,1,3,1,0.0,2025-07-30
DOCN,1,297,115,0.0,2025-07-30
DRRX,1,11,15,0.0,2025-07-30
DTC,2,165,54,100.0,2025-07-30
DYNX,1,14,12,0.0,2025-07-30
DYNXW,1,14,12,0.0,2025-07-30
ELV,1,109,172,0.0,2025-07-30
EMA,1,30,59,0.0,2025-07-30
EOD,1,86,39,0.0,2025-07-30
ESP,1,51,88,0.0,2025-07-30
ET,1,1,6,0.0,2025-07-30
FLWS,1,15,9,0.0,2025-07-30
FUBO,1,149,42,0.0,2025-07-30
GF,1,0,3,0.0,2025-07-30
GIBO,5,146,221,400.0,2025-07-30
GLXY,2,173,129,100.0,2025-07-30
GOOGL,2,1273,395,100.0,2025-07-30
GRAB,1,2,5,0.0,2025-07-30
GTI,1,3,35,0.0,2025-07-30
HCTI,4,94,57,300.0,2025-07-30
HL,1,14,11,0.0,2025-07-30
HOOD,2,580,246,100.0,2025-07-30
HUBS,1,510,212,0.0,2025-07-30
IBKR,2,27,5,100.0,2025-07-30
IBRX,1,28,15,0.0,2025-07-30
ICU,2,17,21,100.0,2025-07-30
IMG,1,10,23,0.0,2025-07-30
IMO,1,32,47,0.0,2025-07-30
INTC,1,475,101,0.0,2025-07-30
IONQ,1,612,241,0.0,2025-07-30
IOVA,1,48,24,0.0,2025-07-30
IP,2,4,4,100.0,2025-07-30
IR,2,41,35,100.0,2025-07-30
IX,1,43,19,0.0,2025-07-30
IXHL,3,64,25,200.0,2025-07-30
KR,1,47,11,0.0,2025-07-30
KSS,3,669,137,200.0,2025-07-30
LB,1,510,212,0.0,2025-07-30
LCID,1,7,4,0.0,2025-07-30
LGPS,1,14,12,0.0,2025-07-30
LIDR,1,14,12,0.0,2025-07-30
LYRA,1,43,19,0.0,2025-07-30
MBOT,1,26,29,0.0,2025-07-30
MBRX,1,2,2,0.0,2025-07-30
META,1,286,64,0.0,2025-07-30
MP,2,6911,761,100.0,2025-07-30
MSTR,1,38,18,0.0,2025-07-30
MULN,1,0,29,0.0,2025-07-30
MVIS,1,12,5,0.0,2025-07-30
MVST,1,11,8,0.0,2025-07-30
NCNA,2,52,39,100.0,2025-07-30
NEGG,2,24,24,100.0,2025-07-30
NEHC,1,8,5,0.0,2025-07-30
NIO,1,20,8,0.0,2025-07-30
NPV,1,510,212,0.0,2025-07-30
NVDA,3,105,53,200.0,2025-07-30
NVNI,2,47,40,100.0,2025-07-30
NVO,2,976,389,100.0,2025-07-30
NVTS,1,14,12,0.0,2025-07-30
OI,3,1002,248,200.0,2025-07-30
OLB,2,53,66,100.0,2025-07-30
OP,1,4,40,0.0,2025-07-30
OPEN,3,1676,332,200.0,2025-07-30
OPTT,1,0,34,0.0,2025-07-30
OZ,2,1,9,100.0,2025-07-30
PB,1,0,34,0.0,2025-07-30
PD,1,5,8,0.0,2025-07-30
PEW,2,270,174,100.0,2025-07-30
PFS,1,510,212,0.0,2025-07-30
PFSA,1,19,24,0.0,2025-07-30
PG,1,1,6,0.0,2025-07-30
PLTR,4,3396,930,300.0,2025-07-30
PM,1,0,1,0.0,2025-07-30
PR,5,52,59,400.0,2025-07-30
PSTV,1,23,18,0.0,2025-07-30
PYPL,1,1,6,0.0,2025-07-30
QS,1,125,33,0.0,2025-07-30
RADX,1,3,1,0.0,2025-07-30
RC,1,2,1,0.0,2025-07-30
RCAT,1,0,34,0.0,2025-07-30
RDDT,3,360,220,200.0,2025-07-30
RF,1,0,1,0.0,2025-07-30
RGEN,1,10,23,0.0,2025-07-30
RH,1,3794,691,0.0,2025-07-30
RIME,1,2,6,0.0,2025-07-30
RIVN,1,37,40,0.0,2025-07-30
RKT,3,168,43,300.0,2025-07-30
ROKU,1,286,64,0.0,2025-07-30
RR,1,9,3,0.0,2025-07-30
RS,5,1141,286,400.0,2025-07-30
RSI,2,398,210,100.0,2025-07-30
SBET,2,213,83,100.0,2025-07-30
SCD,2,17,21,100.0,2025-07-30
SEZL,1,0,8,0.0,2025-07-30
SKYX,1,5,1,0.0,2025-07-30
SMCI,2,313,77,100.0,2025-07-30
SNTI,1,3,3,0.0,2025-07-30
SOFI,4,2404,425,300.0,2025-07-30
SOUN,3,79,62,200.0,2025-07-30
SOWG,1,6,7,0.0,2025-07-30
SPOT,2,1400,343,100.0,2025-07-30
SRPT,5,165,169,400.0,2025-07-30
SST,1,11,1,0.0,2025-07-30
STAI,1,14,11,0.0,2025-07-30
STR,1,33,39,0.0,2025-07-30
SU,1,6619,386,0.0,2025-07-30
THC,1,6,17,0.0,2025-07-30
TLRY,1,98,59,0.0,2025-07-30
TNFA,1,14,8,0.0,2025-07-30
TSLA,6,519,142,500.0,2025-07-30
UBER,1,2,5,0.0,2025-07-30
UNH,5,925,592,400.0,2025-07-30
UPS,3,6,50,200.0,2025-07-30
USAS,1,2,1,0.0,2025-07-30
UUUU,3,6912,767,200.0,2025-07-30
VAPE,1,8,11,0.0,2025-07-30
VENU,1,149,42,0.0,2025-07-30
VGZ,1,3,1,0.0,2025-07-30
VWAV,1,0,1,0.0,2025-07-30
WEN,1,189,69,0.0,2025-07-30
WKSP,1,20,5,0.0,2025-07-30
WLGS,1,115,92,0.0,2025-07-30
WT,1,5,1,0.0,2025-07-30
YHC,3,45,63,200.0,2025-07-30
ABNB,1,313,187,0.0,2025-07-30
AC,1,0,4,0.0,2025-07-30
ADAP,4,17,11,300.0,2025-07-30
ADIL,2,61,24,100.0,2025-07-30
ADP,1,1,1,0.0,2025-07-30
AGI,1,34,26,0.0,2025-07-30
AIN,1,13,3,0.0,2025-07-30
AMD,7,9290,717,600.0,2025-07-30
AMZN,1,291,64,0.0,2025-07-30
ANVS,1,5,8,0.0,2025-07-30
API,2,6,5,100.0,2025-07-30
APP,1,3316,199,0.0,2025-07-30
APPS,1,14,12,0.0,2025-07-30
AREN,6,203,138,500.0,2025-07-30
ARM,1,1,1,0.0,2025-07-30
ASML,1,96,15,0.0,2025-07-30
ASPI,2,3,10,100.0,2025-07-30
ASTS,1,18,12,0.0,2025-07-30
ASX,1,3,1,0.0,2025-07-30
ATHS,1,77,76,0.0,2025-07-30
ATYR,1,10,14,0.0,2025-07-30
AU,2,5,2,100.0,2025-07-30
BA,2,294,70,100.0,2025-07-30
BBAI,1,5,7,0.0,2025-07-30
BE,1,1,1,0.0,2025-07-30
BIO,3,48,28,200.0,2025-07-30
BKNG,1,291,64,0.0,2025-07-30
BNGO,1,3,3,0.0,2025-07-30
BR,1,0,3,0.0,2025-07-30
BRO,2,13,19,100.0,2025-07-30
BROS,1,105,36,0.0,2025-07-30
BTU,1,6,1,0.0,2025-07-30
BV,1,7,7,0.0,2025-07-30
CAPS,1,37,3,0.0,2025-07-30
CARS,1,219,38,0.0,2025-07-30
CC,1,6,24,0.0,2025-07-30
CCS,1,6,24,0.0,2025-07-30
CELC,1,14,12,0.0,2025-07-30
CELH,1,1,1,0.0,2025-07-30
CHSN,3,175,162,200.0,2025-07-30
CLOV,1,2126,236,0.0,2025-07-30
CRSP,1,13,12,0.0,2025-07-30
CVNA,1,1,1,0.0,2025-07-30
CZR,1,34,39,0.0,2025-07-30
DEC,1,36,22,0.0,2025-07-30
DEVS,1,3,1,0.0,2025-07-30
DOCN,1,297,115,0.0,2025-07-30
DRRX,1,10,15,0.0,2025-07-30
DTC,2,166,54,100.0,2025-07-30
DYNX,1,14,12,0.0,2025-07-30
DYNXW,1,14,12,0.0,2025-07-30
ELV,1,113,172,0.0,2025-07-30
EMA,1,32,59,0.0,2025-07-30
EOD,1,113,53,0.0,2025-07-30
ESP,1,54,88,0.0,2025-07-30
ET,2,4,7,100.0,2025-07-30
EXPO,1,1,1,0.0,2025-07-30
FLWS,1,16,9,0.0,2025-07-30
FUBO,2,153,47,100.0,2025-07-30
GF,1,0,3,0.0,2025-07-30
GIBO,6,152,229,500.0,2025-07-30
GLXY,2,182,130,100.0,2025-07-30
GOOGL,2,1285,400,100.0,2025-07-30
GRAB,1,4,5,0.0,2025-07-30
GRO,1,1,1,0.0,2025-07-30
GTI,1,6,46,0.0,2025-07-30
HCTI,5,95,59,400.0,2025-07-30
HL,1,14,11,0.0,2025-07-30
HOOD,3,605,252,200.0,2025-07-30
HUBS,1,509,212,0.0,2025-07-30
IBKR,2,27,6,100.0,2025-07-30
IBRX,1,28,15,0.0,2025-07-30
ICU,1,18,12,0.0,2025-07-30
IMG,1,10,23,0.0,2025-07-30
IMO,1,32,47,0.0,2025-07-30
INTC,1,478,101,0.0,2025-07-30
IONQ,1,619,243,0.0,2025-07-30
IOVA,1,46,24,0.0,2025-07-30
IP,2,4,4,100.0,2025-07-30
IR,2,42,36,100.0,2025-07-30
IX,1,42,19,0.0,2025-07-30
IXHL,3,67,27,200.0,2025-07-30
KR,1,49,11,0.0,2025-07-30
KSS,3,668,137,200.0,2025-07-30
LB,1,509,212,0.0,2025-07-30
LCID,1,8,6,0.0,2025-07-30
LGPS,1,14,12,0.0,2025-07-30
LIDR,1,14,12,0.0,2025-07-30
LYRA,1,42,19,0.0,2025-07-30
MBOT,1,27,30,0.0,2025-07-30
MBRX,1,2,2,0.0,2025-07-30
META,2,292,65,100.0,2025-07-30
MP,2,6916,762,100.0,2025-07-30
MSFT,1,1,1,0.0,2025-07-30
MSTR,1,40,18,0.0,2025-07-30
MULN,1,0,29,0.0,2025-07-30
MVIS,1,12,5,0.0,2025-07-30
MVST,1,13,8,0.0,2025-07-30
NCNA,2,53,40,100.0,2025-07-30
NEGG,2,23,25,100.0,2025-07-30
NEHC,1,9,5,0.0,2025-07-30
NPV,1,509,212,0.0,2025-07-30
NVDA,3,104,53,200.0,2025-07-30
NVNI,2,48,43,100.0,2025-07-30
NVO,2,992,391,100.0,2025-07-30
NVTS,1,14,12,0.0,2025-07-30
OI,3,995,248,200.0,2025-07-30
OLB,2,52,66,100.0,2025-07-30
OP,1,3,40,0.0,2025-07-30
OPEN,4,1666,333,300.0,2025-07-30
OPTT,1,0,34,0.0,2025-07-30
OZ,3,4,10,200.0,2025-07-30
PB,1,0,34,0.0,2025-07-30
PD,1,5,8,0.0,2025-07-30
PEW,2,270,174,100.0,2025-07-30
PFS,1,509,212,0.0,2025-07-30
PFSA,1,18,24,0.0,2025-07-30
PG,1,3,6,0.0,2025-07-30
PLTR,4,3401,930,300.0,2025-07-30
PM,1,0,1,0.0,2025-07-30
PR,5,51,62,400.0,2025-07-30
PSTV,1,25,18,0.0,2025-07-30
PYPL,1,3,6,0.0,2025-07-30
QCOM,1,1,1,0.0,2025-07-30
QS,1,128,34,0.0,2025-07-30
RADX,1,3,1,0.0,2025-07-30
RC,1,2,1,0.0,2025-07-30
RCAT,1,0,34,0.0,2025-07-30
RDDT,4,379,226,300.0,2025-07-30
RF,1,0,1,0.0,2025-07-30
RGEN,1,10,23,0.0,2025-07-30
RH,1,3869,695,0.0,2025-07-30
RIME,1,2,6,0.0,2025-07-30
RIVN,1,32,41,0.0,2025-07-30
RKT,3,165,43,300.0,2025-07-30
ROKU,1,291,64,0.0,2025-07-30
RR,1,13,3,0.0,2025-07-30
RS,5,1129,287,400.0,2025-07-30
RSI,2,407,212,100.0,2025-07-30
SBET,2,219,83,100.0,2025-07-30
SCD,1,18,12,0.0,2025-07-30
SEZL,1,0,8,0.0,2025-07-30
SMCI,2,305,77,100.0,2025-07-30
SNTI,1,3,3,0.0,2025-07-30
SOFI,4,2425,431,300.0,2025-07-30
SOUN,3,82,62,200.0,2025-07-30
SOWG,1,7,7,0.0,2025-07-30
SPOT,2,1401,343,100.0,2025-07-30
SRPT,5,173,171,400.0,2025-07-30
SST,1,10,1,0.0,2025-07-30
STAI,2,15,12,100.0,2025-07-30
STR,1,34,39,0.0,2025-07-30
SU,1,6638,386,0.0,2025-07-30
THC,1,6,17,0.0,2025-07-30
TLRY,1,95,59,0.0,2025-07-30
TNFA,1,14,8,0.0,2025-07-30
TSLA,6,518,145,500.0,2025-07-30
UBER,1,4,5,0.0,2025-07-30
UBS,1,1,1,0.0,2025-07-30
UNH,5,939,596,400.0,2025-07-30
UPS,2,2,40,100.0,2025-07-30
USAS,1,2,1,0.0,2025-07-30
UUUU,3,6919,768,200.0,2025-07-30
VAPE,1,9,11,0.0,2025-07-30
VENU,1,148,43,0.0,2025-07-30
VGZ,1,3,1,0.0,2025-07-30
VWAV,1,0,1,0.0,2025-07-30
WEN,1,192,69,0.0,2025-07-30
WKSP,1,19,5,0.0,2025-07-30
WLGS,1,115,92,0.0,2025-07-30
WT,1,6,1,0.0,2025-07-30
YHC,3,43,63,200.0,2025-07-30
ABNB,1,317,187,0.0,2025-07-30
AC,1,0,4,0.0,2025-07-30
ADAP,4,15,11,300.0,2025-07-30
ADIL,2,65,24,100.0,2025-07-30
ADP,1,1,1,0.0,2025-07-30
AGI,1,36,26,0.0,2025-07-30
AIN,1,13,3,0.0,2025-07-30
AMD,7,9286,717,600.0,2025-07-30
AMZN,1,289,64,0.0,2025-07-30
ANVS,1,6,8,0.0,2025-07-30
API,2,7,5,100.0,2025-07-30
APP,1,3311,199,0.0,2025-07-30
APPS,1,14,12,0.0,2025-07-30
AREN,6,205,138,500.0,2025-07-30
ARM,1,1,1,0.0,2025-07-30
ASML,1,97,15,0.0,2025-07-30
ASPI,2,2,10,100.0,2025-07-30
ASTS,1,17,12,0.0,2025-07-30
ASX,1,3,1,0.0,2025-07-30
ATHS,1,76,76,0.0,2025-07-30
ATYR,1,9,15,0.0,2025-07-30
AU,2,5,2,100.0,2025-07-30
BA,2,291,70,100.0,2025-07-30
BBAI,1,3,7,0.0,2025-07-30
BE,1,1,1,0.0,2025-07-30
BIO,3,51,28,200.0,2025-07-30
BKNG,1,289,64,0.0,2025-07-30
BNGO,1,1,3,0.0,2025-07-30
BR,1,0,3,0.0,2025-07-30
BRO,2,12,20,100.0,2025-07-30
BROS,1,102,36,0.0,2025-07-30
BTU,1,7,1,0.0,2025-07-30
BV,1,7,7,0.0,2025-07-30
CAPS,1,37,3,0.0,2025-07-30
CARS,1,217,38,0.0,2025-07-30
CC,1,8,24,0.0,2025-07-30
CCS,1,8,24,0.0,2025-07-30
CELC,1,14,12,0.0,2025-07-30
CELH,1,1,1,0.0,2025-07-30
CHSN,3,176,162,200.0,2025-07-30
CLOV,1,2127,236,0.0,2025-07-30
CRSP,1,13,12,0.0,2025-07-30
CVNA,1,1,1,0.0,2025-07-30
CZR,1,36,39,0.0,2025-07-30
DEC,1,38,22,0.0,2025-07-30
DEVS,1,3,1,0.0,2025-07-30
DOCN,1,294,115,0.0,2025-07-30
DRRX,1,11,15,0.0,2025-07-30
DTC,2,167,54,100.0,2025-07-30
DYNX,1,14,12,0.0,2025-07-30
DYNXW,1,14,12,0.0,2025-07-30
ELV,1,115,172,0.0,2025-07-30
EMA,1,29,59,0.0,2025-07-30
EOD,1,118,57,0.0,2025-07-30
EQS,1,2,1,0.0,2025-07-30
ESP,1,55,88,0.0,2025-07-30
ET,2,3,7,100.0,2025-07-30
EXPO,1,1,1,0.0,2025-07-30
FLWS,1,15,9,0.0,2025-07-30
FUBO,2,155,47,100.0,2025-07-30
GF,1,0,3,0.0,2025-07-30
GIBO,6,149,229,500.0,2025-07-30
GLXY,2,183,130,100.0,2025-07-30
GOOGL,2,1293,400,100.0,2025-07-30
GRAB,1,3,5,0.0,2025-07-30
GRO,1,1,1,0.0,2025-07-30
GTI,1,4,47,0.0,2025-07-30
HCTI,5,100,60,400.0,2025-07-30
HL,1,14,11,0.0,2025-07-30
HOOD,3,607,252,200.0,2025-07-30
HUBS,1,510,212,0.0,2025-07-30
IBKR,2,28,6,100.0,2025-07-30
IBRX,1,28,15,0.0,2025-07-30
ICU,1,17,12,0.0,2025-07-30
IMG,1,13,23,0.0,2025-07-30
IMO,1,33,47,0.0,2025-07-30
INTC,1,479,101,0.0,2025-07-30
IONQ,1,621,244,0.0,2025-07-30
IOVA,1,46,24,0.0,2025-07-30
IP,2,2,4,100.0,2025-07-30
IR,2,43,36,100.0,2025-07-30
IX,2,46,20,100.0,2025-07-30
IXHL,3,71,27,200.0,2025-07-30
KR,1,51,11,0.0,2025-07-30
KSS,3,675,137,200.0,2025-07-30
LB,1,510,212,0.0,2025-07-30
LCID,2,9,7,100.0,2025-07-30
LGPS,1,14,12,0.0,2025-07-30
LIDR,1,14,12,0.0,2025-07-30
LYRA,1,44,19,0.0,2025-07-30
MBOT,1,28,30,0.0,2025-07-30
MBRX,1,2,2,0.0,2025-07-30
META,2,290,65,100.0,2025-07-30
MP,2,6917,762,100.0,2025-07-30
MSFT,1,1,1,0.0,2025-07-30
MSTR,1,37,18,0.0,2025-07-30
MULN,1,0,29,0.0,2025-07-30
MVIS,1,11,5,0.0,2025-07-30
MVST,1,15,8,0.0,2025-07-30
NCNA,2,56,40,100.0,2025-07-30
NEGG,2,23,26,100.0,2025-07-30
NEHC,1,9,5,0.0,2025-07-30
NIO,1,2,1,0.0,2025-07-30
NPV,1,510,212,0.0,2025-07-30
NVDA,3,109,53,200.0,2025-07-30
NVNI,2,52,43,100.0,2025-07-30
NVO,2,990,391,100.0,2025-07-30
NVTS,1,14,12,0.0,2025-07-30
OI,3,1002,248,200.0,2025-07-30
OLB,2,54,66,100.0,2025-07-30
OP,1,1,40,0.0,2025-07-30
OPEN,3,1677,333,200.0,2025-07-30
OPTT,1,0,34,0.0,2025-07-30
OZ,3,3,10,200.0,2025-07-30
PB,1,0,34,0.0,2025-07-30
PD,1,6,8,0.0,2025-07-30
PEW,2,272,174,100.0,2025-07-30
PFS,1,510,212,0.0,2025-07-30
PFSA,1,17,24,0.0,2025-07-30
PG,1,2,6,0.0,2025-07-30
PLTR,4,3402,930,300.0,2025-07-30
PM,1,0,1,0.0,2025-07-30
PR,5,51,64,400.0,2025-07-30
PSTV,1,25,18,0.0,2025-07-30
PYPL,1,2,6,0.0,2025-07-30
QCOM,1,1,1,0.0,2025-07-30
QS,1,129,34,0.0,2025-07-30
RADX,1,3,1,0.0,2025-07-30
RC,1,2,1,0.0,2025-07-30
RCAT,1,0,34,0.0,2025-07-30
RDDT,4,387,226,300.0,2025-07-30
RF,1,0,1,0.0,2025-07-30
RGEN,1,13,23,0.0,2025-07-30
RH,1,3872,696,0.0,2025-07-30
RIME,1,2,6,0.0,2025-07-30
RIVN,2,38,42,100.0,2025-07-30
RKT,3,167,43,300.0,2025-07-30
ROKU,1,289,64,0.0,2025-07-30
RR,1,13,3,0.0,2025-07-30
RS,5,1137,288,400.0,2025-07-30
RSI,2,409,212,100.0,2025-07-30
SBET,2,219,83,100.0,2025-07-30
SCD,1,17,12,0.0,2025-07-30
SEZL,1,0,8,0.0,2025-07-30
SMCI,2,316,78,100.0,2025-07-30
SNTI,1,1,3,0.0,2025-07-30
SOFI,4,2418,431,300.0,2025-07-30
SOUN,3,84,62,200.0,2025-07-30
SOWG,1,7,7,0.0,2025-07-30
SPOT,2,1406,343,100.0,2025-07-30
SRPT,5,171,171,400.0,2025-07-30
SST,1,9,1,0.0,2025-07-30
STAI,2,15,12,100.0,2025-07-30
STR,1,36,39,0.0,2025-07-30
SU,1,6630,386,0.0,2025-07-30
THC,1,6,17,0.0,2025-07-30
TLRY,1,98,61,0.0,2025-07-30
TNFA,1,14,8,0.0,2025-07-30
TSLA,7,515,148,600.0,2025-07-30
UBER,2,5,6,100.0,2025-07-30
UBS,1,1,1,0.0,2025-07-30
UNH,5,949,597,400.0,2025-07-30
UPS,2,3,40,100.0,2025-07-30
USAS,1,2,1,0.0,2025-07-30
UUUU,3,6919,768,200.0,2025-07-30
VAPE,1,7,11,0.0,2025-07-30
VENU,1,149,43,0.0,2025-07-30
VGZ,1,3,1,0.0,2025-07-30
VWAV,1,0,1,0.0,2025-07-30
WEN,1,190,69,0.0,2025-07-30
WKSP,1,21,5,0.0,2025-07-30
WLGS,1,116,92,0.0,2025-07-30
WT,1,7,1,0.0,2025-07-30
YHC,3,44,63,200.0,2025-07-30
ABNB,1,402,223,0.0,2025-07-30
AC,1,0,5,0.0,2025-07-30
ADAP,4,15,11,300.0,2025-07-30
ADIL,2,62,25,100.0,2025-07-30
ADP,1,1,4,0.0,2025-07-30
AGI,1,47,32,0.0,2025-07-30
AIN,1,25,7,0.0,2025-07-30
AIRE,1,1,1,0.0,2025-07-30
AMD,7,9395,728,600.0,2025-07-30
AMZN,1,292,64,0.0,2025-07-30
ANVS,1,4,8,0.0,2025-07-30
APPS,1,17,12,0.0,2025-07-30
AREN,5,199,138,400.0,2025-07-30
ARM,1,1,4,0.0,2025-07-30
ASBP,1,1,2,0.0,2025-07-30
ASML,1,97,16,0.0,2025-07-30
ASPI,2,1,11,100.0,2025-07-30
ASTS,1,19,22,0.0,2025-07-30
ASX,1,4,1,0.0,2025-07-30
ATHS,1,75,76,0.0,2025-07-30
ATYR,1,11,17,0.0,2025-07-30
AU,2,6,2,100.0,2025-07-30
BA,2,293,70,100.0,2025-07-30
BBAI,1,5,7,0.0,2025-07-30
BE,1,1,4,0.0,2025-07-30
BGLC,1,1,1,0.0,2025-07-30
BIO,3,47,30,200.0,2025-07-30
BKNG,1,292,64,0.0,2025-07-30
BNGO,1,2,3,0.0,2025-07-30
BRO,2,13,22,100.0,2025-07-30
BROS,1,105,36,0.0,2025-07-30
BSGM,1,1,1,0.0,2025-07-30
BV,1,6,7,0.0,2025-07-30
CAN,1,22,5,0.0,2025-07-30
CARS,1,217,38,0.0,2025-07-30
CC,2,10,45,100.0,2025-07-30
CCS,1,10,30,0.0,2025-07-30
CELC,1,17,12,0.0,2025-07-30
CELH,1,1,4,0.0,2025-07-30
CHSN,3,185,171,200.0,2025-07-30
CLOV,1,2156,240,0.0,2025-07-30
CRSP,1,16,12,0.0,2025-07-30
CV,1,10,1,0.0,2025-07-30
CVNA,1,1,2,0.0,2025-07-30
CZR,1,37,46,0.0,2025-07-30
DEC,1,33,22,0.0,2025-07-30
DEVS,1,3,1,0.0,2025-07-30
DNA,1,1,1,0.0,2025-07-30
DOCN,1,294,117,0.0,2025-07-30
DTC,3,165,56,200.0,2025-07-30
DTE,1,3,2,0.0,2025-07-30
DYNX,1,17,12,0.0,2025-07-30
DYNXW,1,17,12,0.0,2025-07-30
EOD,1,162,123,0.0,2025-07-30
ESP,1,53,91,0.0,2025-07-30
ET,2,2,10,100.0,2025-07-30
EXPO,1,1,1,0.0,2025-07-30
FLWS,1,15,9,0.0,2025-07-30
FUBO,2,199,76,100.0,2025-07-30
GIBO,6,157,261,500.0,2025-07-30
GLXY,2,184,134,100.0,2025-07-30
GOOGL,2,1373,436,100.0,2025-07-30
GRAB,1,1,5,0.0,2025-07-30
GTI,1,77,91,0.0,2025-07-30
HCTI,4,91,58,300.0,2025-07-30
HIMS,1,19,8,0.0,2025-07-30
HL,1,14,11,0.0,2025-07-30
HOOD,3,695,291,200.0,2025-07-30
HR,1,10,1,0.0,2025-07-30
IBKR,4,32,12,300.0,2025-07-30
ICU,1,19,22,0.0,2025-07-30
IMG,1,13,24,0.0,2025-07-30
IMO,3,60,69,200.0,2025-07-30
INR,1,1,1,0.0,2025-07-30
INTS,1,0,7,0.0,2025-07-30
IONQ,1,667,264,0.0,2025-07-30
IOVA,1,44,31,0.0,2025-07-30
IP,1,2,3,0.0,2025-07-30
IR,3,47,49,200.0,2025-07-30
IX,1,42,20,0.0,2025-07-30
IXHL,3,80,41,200.0,2025-07-30
KR,1,49,11,0.0,2025-07-30
KSS,3,666,137,200.0,2025-07-30
LCID,1,10,6,0.0,2025-07-30
LGPS,1,17,12,0.0,2025-07-30
LIDR,1,17,12,0.0,2025-07-30
LYRA,1,42,20,0.0,2025-07-30
MBOT,1,36,35,0.0,2025-07-30
MBRX,1,3,2,0.0,2025-07-30
META,2,293,68,100.0,2025-07-30
MSFT,1,1,4,0.0,2025-07-30
MSTR,1,41,18,0.0,2025-07-30
MVIS,1,13,5,0.0,2025-07-30
MVST,1,20,10,0.0,2025-07-30
NC,1,2,2,0.0,2025-07-30
NCNA,2,54,51,100.0,2025-07-30
NEGG,2,23,38,100.0,2025-07-30
NVDA,4,138,64,300.0,2025-07-30
NVNI,2,49,44,100.0,2025-07-30
NVO,2,1014,403,100.0,2025-07-30
NVTS,1,17,12,0.0,2025-07-30
OI,3,1000,249,200.0,2025-07-30
OLB,2,55,66,100.0,2025-07-30
OP,2,3,49,100.0,2025-07-30
OPEN,3,1670,335,200.0,2025-07-30
OPTT,1,0,34,0.0,2025-07-30
OZ,3,4,12,200.0,2025-07-30
PB,1,0,34,0.0,2025-07-30
PD,1,4,8,0.0,2025-07-30
PEW,2,275,175,100.0,2025-07-30
PFSA,1,17,26,0.0,2025-07-30
PG,1,1,6,0.0,2025-07-30
PLTR,3,2314,300,200.0,2025-07-30
PM,4,45,29,300.0,2025-07-30
PR,5,50,68,400.0,2025-07-30
PSTV,1,24,18,0.0,2025-07-30
PT,1,12,4,0.0,2025-07-30
PYPL,1,1,6,0.0,2025-07-30
QCOM,1,1,4,0.0,2025-07-30
QS,1,132,37,0.0,2025-07-30
RADX,1,4,1,0.0,2025-07-30
RC,1,2,1,0.0,2025-07-30
RCAT,1,0,34,0.0,2025-07-30
RDDT,4,472,265,300.0,2025-07-30
RF,1,0,1,0.0,2025-07-30
RGEN,1,13,24,0.0,2025-07-30
RH,1,4309,737,0.0,2025-07-30
RIME,1,2,6,0.0,2025-07-30
RIVN,1,35,44,0.0,2025-07-30
RKLB,1,0,2,0.0,2025-07-30
RKT,3,165,43,300.0,2025-07-30
ROKU,1,292,64,0.0,2025-07-30
RR,3,42,11,200.0,2025-07-30
RS,5,1140,302,400.0,2025-07-30
RSI,3,430,224,200.0,2025-07-30
RTO,1,2,2,0.0,2025-07-30
RYAN,1,2,1,0.0,2025-07-30
SBET,2,219,86,100.0,2025-07-30
SCD,1,19,22,0.0,2025-07-30
SEZL,1,0,8,0.0,2025-07-30
SMCI,2,314,78,100.0,2025-07-30
SNTI,1,2,3,0.0,2025-07-30
SOFI,5,2508,442,400.0,2025-07-30
SONM,1,2,2,0.0,2025-07-30
SOUN,3,84,63,200.0,2025-07-30
SOWG,1,6,7,0.0,2025-07-30
SPOT,3,1488,383,200.0,2025-07-30
SRPT,5,220,196,400.0,2025-07-30
SST,1,11,1,0.0,2025-07-30
STAI,2,15,12,100.0,2025-07-30
STR,1,37,46,0.0,2025-07-30
SU,2,6700,390,100.0,2025-07-30
THC,1,4,18,0.0,2025-07-30
TLRY,1,102,61,0.0,2025-07-30
TNFA,1,13,9,0.0,2025-07-30
TSLA,5,247,103,400.0,2025-07-30
UBER,1,1,5,0.0,2025-07-30
UBS,2,5,10,100.0,2025-07-30
UI,1,2,1,0.0,2025-07-30
UNH,4,866,447,300.0,2025-07-30
UP,1,4,6,0.0,2025-07-30
UPS,2,3,40,100.0,2025-07-30
UUUU,1,1,6,0.0,2025-07-30
VAPE,1,8,11,0.0,2025-07-30
VC,1,10,1,0.0,2025-07-30
VENU,1,157,48,0.0,2025-07-30
VFC,1,12,4,0.0,2025-07-30
VGZ,1,3,1,0.0,2025-07-30
VWAV,1,0,1,0.0,2025-07-30
WEN,1,189,69,0.0,2025-07-30
WKSP,1,20,5,0.0,2025-07-30
WLGS,1,115,92,0.0,2025-07-30
YHC,2,33,41,100.0,2025-07-30
ABNB,1,405,223,0.0,2025-07-30
AC,1,0,5,0.0,2025-07-30
ADAP,4,17,11,300.0,2025-07-30
ADIL,2,59,25,100.0,2025-07-30
ADP,1,1,4,0.0,2025-07-30
AGI,1,51,32,0.0,2025-07-30
AIN,1,24,7,0.0,2025-07-30
AIRE,1,1,1,0.0,2025-07-30
AMD,7,9378,728,600.0,2025-07-30
AMZN,1,294,64,0.0,2025-07-30
ANVS,1,6,8,0.0,2025-07-30
APPS,1,16,12,0.0,2025-07-30
AREN,5,204,138,400.0,2025-07-30
ARM,1,1,4,0.0,2025-07-30
ASBP,1,1,2,0.0,2025-07-30
ASML,1,97,16,0.0,2025-07-30
ASPI,2,2,11,100.0,2025-07-30
ASTS,1,18,22,0.0,2025-07-30
ASX,1,4,1,0.0,2025-07-30
ATHS,1,79,76,0.0,2025-07-30
ATYR,1,12,17,0.0,2025-07-30
AU,2,6,2,100.0,2025-07-30
BA,2,296,70,100.0,2025-07-30
BBAI,1,6,7,0.0,2025-07-30
BE,1,1,4,0.0,2025-07-30
BGLC,1,1,1,0.0,2025-07-30
BIO,3,47,30,200.0,2025-07-30
BKNG,1,294,64,0.0,2025-07-30
BNGO,1,2,3,0.0,2025-07-30
BRO,2,15,22,100.0,2025-07-30
BROS,1,102,36,0.0,2025-07-30
BSGM,1,1,1,0.0,2025-07-30
BV,1,7,7,0.0,2025-07-30
CAN,1,23,5,0.0,2025-07-30
CARS,1,223,38,0.0,2025-07-30
CC,2,8,45,100.0,2025-07-30
CCS,1,8,30,0.0,2025-07-30
CELC,1,16,12,0.0,2025-07-30
CELH,1,1,4,0.0,2025-07-30
CHSN,3,187,171,200.0,2025-07-30
CLOV,1,2147,240,0.0,2025-07-30
CRSP,1,15,12,0.0,2025-07-30
CV,1,9,1,0.0,2025-07-30
CVNA,1,1,2,0.0,2025-07-30
CZR,1,33,46,0.0,2025-07-30
DEC,1,35,22,0.0,2025-07-30
DEVS,1,3,1,0.0,2025-07-30
DNA,1,1,1,0.0,2025-07-30
DOCN,1,296,117,0.0,2025-07-30
DTC,3,168,56,200.0,2025-07-30
DTE,1,4,2,0.0,2025-07-30
DYNX,1,16,12,0.0,2025-07-30
DYNXW,1,16,12,0.0,2025-07-30
EOD,1,164,123,0.0,2025-07-30
ESP,1,54,91,0.0,2025-07-30
ET,2,3,10,100.0,2025-07-30
EXPO,1,1,1,0.0,2025-07-30
FLWS,1,14,9,0.0,2025-07-30
FUBO,2,195,76,100.0,2025-07-30
GIBO,6,157,261,500.0,2025-07-30
GLXY,2,185,134,100.0,2025-07-30
GOOGL,2,1376,436,100.0,2025-07-30
GRAB,1,2,5,0.0,2025-07-30
GTI,1,74,91,0.0,2025-07-30
HCTI,4,93,58,300.0,2025-07-30
HIMS,1,18,8,0.0,2025-07-30
HL,1,14,11,0.0,2025-07-30
HOOD,3,700,291,200.0,2025-07-30
HR,1,9,1,0.0,2025-07-30
IBKR,4,34,12,300.0,2025-07-30
ICU,1,18,22,0.0,2025-07-30
IMG,1,10,24,0.0,2025-07-30
IMO,3,62,69,200.0,2025-07-30
INR,1,1,1,0.0,2025-07-30
INTS,1,1,7,0.0,2025-07-30
IONQ,1,671,264,0.0,2025-07-30
IOVA,1,43,31,0.0,2025-07-30
IP,1,2,3,0.0,2025-07-30
IR,3,47,49,200.0,2025-07-30
IX,1,40,20,0.0,2025-07-30
IXHL,3,78,41,200.0,2025-07-30
KR,1,50,11,0.0,2025-07-30
KSS,3,672,137,200.0,2025-07-30
LCID,1,9,6,0.0,2025-07-30
LGPS,1,16,12,0.0,2025-07-30
LIDR,1,16,12,0.0,2025-07-30
LYRA,1,40,20,0.0,2025-07-30
MBOT,1,39,35,0.0,2025-07-30
MBRX,1,3,2,0.0,2025-07-30
META,2,295,68,100.0,2025-07-30
MSFT,1,1,4,0.0,2025-07-30
MSTR,1,41,18,0.0,2025-07-30
MVIS,1,12,5,0.0,2025-07-30
MVST,1,20,10,0.0,2025-07-30
NC,1,2,2,0.0,2025-07-30
NCNA,2,56,51,100.0,2025-07-30
NEGG,2,23,38,100.0,2025-07-30
NVDA,4,138,64,300.0,2025-07-30
NVNI,2,49,44,100.0,2025-07-30
NVO,2,1014,403,100.0,2025-07-30
NVTS,1,16,12,0.0,2025-07-30
OI,3,996,249,200.0,2025-07-30
OLB,2,55,66,100.0,2025-07-30
OP,2,5,49,100.0,2025-07-30
OPEN,3,1680,335,200.0,2025-07-30
OPTT,1,0,34,0.0,2025-07-30
OZ,3,5,12,200.0,2025-07-30
PB,1,0,34,0.0,2025-07-30
PD,1,6,8,0.0,2025-07-30
PEW,2,276,175,100.0,2025-07-30
PFSA,1,16,26,0.0,2025-07-30
PG,1,2,6,0.0,2025-07-30
PLTR,3,2303,300,200.0,2025-07-30
PM,4,43,29,300.0,2025-07-30
PR,5,49,68,400.0,2025-07-30
PSTV,1,24,18,0.0,2025-07-30
PT,1,13,4,0.0,2025-07-30
PYPL,1,2,6,0.0,2025-07-30
QCOM,1,1,4,0.0,2025-07-30
QS,1,131,37,0.0,2025-07-30
RADX,1,4,1,0.0,2025-07-30
RC,1,2,1,0.0,2025-07-30
RCAT,1,0,34,0.0,2025-07-30
RDDT,4,477,265,300.0,2025-07-30
RF,1,0,1,0.0,2025-07-30
RGEN,1,10,24,0.0,2025-07-30
RH,1,4308,737,0.0,2025-07-30
RIME,1,2,6,0.0,2025-07-30
RIVN,1,40,44,0.0,2025-07-30
RKLB,1,0,2,0.0,2025-07-30
RKT,3,165,43,300.0,2025-07-30
ROKU,1,294,64,0.0,2025-07-30
RR,3,40,11,200.0,2025-07-30
RS,5,1141,302,400.0,2025-07-30
RSI,3,425,224,200.0,2025-07-30
RTO,1,2,2,0.0,2025-07-30
RYAN,1,2,1,0.0,2025-07-30
SBET,2,218,86,100.0,2025-07-30
SCD,1,18,22,0.0,2025-07-30
SEZL,1,0,8,0.0,2025-07-30
SMCI,2,306,78,100.0,2025-07-30
SNTI,1,2,3,0.0,2025-07-30
SOFI,5,2512,442,400.0,2025-07-30
SONM,1,2,2,0.0,2025-07-30
SOUN,3,84,63,200.0,2025-07-30
SOWG,1,7,7,0.0,2025-07-30
SPOT,3,1486,383,200.0,2025-07-30
SRPT,5,217,196,400.0,2025-07-30
SST,1,11,1,0.0,2025-07-30
STAI,2,15,12,100.0,2025-07-30
STR,1,33,46,0.0,2025-07-30
SU,2,6698,390,100.0,2025-07-30
THC,1,5,18,0.0,2025-07-30
TLRY,1,102,61,0.0,2025-07-30
TNFA,1,14,9,0.0,2025-07-30
TSLA,5,256,103,400.0,2025-07-30
UBER,1,2,5,0.0,2025-07-30
UBS,2,6,10,100.0,2025-07-30
UI,1,2,1,0.0,2025-07-30
UNH,4,855,447,300.0,2025-07-30
UP,1,5,6,0.0,2025-07-30
UPS,2,2,40,100.0,2025-07-30
UUUU,1,2,6,0.0,2025-07-30
VAPE,1,8,11,0.0,2025-07-30
VC,1,9,1,0.0,2025-07-30
VENU,1,155,48,0.0,2025-07-30
VFC,1,13,4,0.0,2025-07-30
VGZ,1,3,1,0.0,2025-07-30
VWAV,1,0,1,0.0,2025-07-30
WEN,1,195,69,0.0,2025-07-30
WKSP,1,19,5,0.0,2025-07-30
WLGS,1,116,92,0.0,2025-07-30
YHC,2,33,41,100.0,2025-07-30
